	ligand	receptor	annotation	pathway
AGRN|DAG1	AGRN	DAG1	ECM-Receptor	AGRN
ANGPTL3|ITGAV_ITGB3	ANGPTL3	ITGAV_ITGB3	Secreted	ANGPTL
ANGPTL4|ITGAV_ITGB3	ANGPTL4	ITGAV_ITGB3	Secreted	ANGPTL
AREG|ERBB2_EGFR	AREG	ERBB2_EGFR	Secreted	EGF
BTC|ERBB2_EGFR	BTC	ERBB2_EGFR	Secreted	EGF
BTC|ERBB2_ERBB4	BTC	ERBB2_ERBB4	Secreted	EGF
BTC|ERBB4	BTC	ERBB4	Secreted	EGF
C1QL2|ADGRB3	C1QL2	ADGRB3	Cell-Cell Contact	ADGRB
C1QL3|ADGRB3	C1QL3	ADGRB3	Cell-Cell Contact	ADGRB
CALCA|CALCR	CALCA	CALCR	Secreted	CALCR
CALCA|CALCRL	CALCA	CALCRL	Secreted	CALCR
CALCA|CALCR_RAMP1	CALCA	CALCR_RAMP1	Secreted	CALC
CALCA|RAMP2_CALCR	CALCA	RAMP2_CALCR	Secreted	CALC
CALCA|RAMP3_CALCR	CALCA	RAMP3_CALCR	Secreted	CALC
CALCB|CALCR	CALCB	CALCR	Secreted	CALCR
CALCB|CALCRL	CALCB	CALCRL	Secreted	CALCR
CALCB|CALCR_RAMP1	CALCB	CALCR_RAMP1	Secreted	CALC
CALCB|RAMP2_CALCR	CALCB	RAMP2_CALCR	Secreted	CALC
CALCB|RAMP3_CALCR	CALCB	RAMP3_CALCR	Secreted	CALC
CD40LG|ITGA2B_ITGB3	CD40LG	ITGA2B_ITGB3	Secreted	CD40
COMP|ITGAV_ITGB3	COMP	ITGAV_ITGB3	ECM-Receptor	THBS
CYP19A1|GPER1	CYP19A1	GPER1	Non-protein Signaling	Estradiol
DAGLA|CNR1	DAGLA	CNR1	Non-protein Signaling	2-AG
DAGLA|CNR2	DAGLA	CNR2	Non-protein Signaling	2-AG
DAGLA|GPR55	DAGLA	GPR55	Non-protein Signaling	2-AG
DAGLB|CNR1	DAGLB	CNR1	Non-protein Signaling	2-AG
DAGLB|CNR2	DAGLB	CNR2	Non-protein Signaling	2-AG
DAGLB|GPR55	DAGLB	GPR55	Non-protein Signaling	2-AG
DBH_SLC6A2|ADRA1A	DBH_SLC6A2	ADRA1A	Non-protein Signaling	Noradrenaline
DBH_SLC6A2|ADRA1B	DBH_SLC6A2	ADRA1B	Non-protein Signaling	Noradrenaline
DBH_SLC6A2|ADRA1D	DBH_SLC6A2	ADRA1D	Non-protein Signaling	Noradrenaline
DBH_SLC6A2|ADRA2A	DBH_SLC6A2	ADRA2A	Non-protein Signaling	Noradrenaline
DBH_SLC6A2|ADRA2B	DBH_SLC6A2	ADRA2B	Non-protein Signaling	Noradrenaline
DBH_SLC6A2|ADRA2C	DBH_SLC6A2	ADRA2C	Non-protein Signaling	Noradrenaline
DBH_SLC6A2|ADRB1	DBH_SLC6A2	ADRB1	Non-protein Signaling	Noradrenaline
DBH_SLC6A2|ADRB2	DBH_SLC6A2	ADRB2	Non-protein Signaling	Noradrenaline
DBH_SLC6A2|ADRB3	DBH_SLC6A2	ADRB3	Non-protein Signaling	Noradrenaline
DDC|DRD1	DDC	DRD1	Non-protein Signaling	SerotoninDopamin
DDC|DRD2	DDC	DRD2	Non-protein Signaling	SerotoninDopamin
DDC|DRD3	DDC	DRD3	Non-protein Signaling	SerotoninDopamin
DDC|DRD4	DDC	DRD4	Non-protein Signaling	SerotoninDopamin
DDC|DRD5	DDC	DRD5	Non-protein Signaling	SerotoninDopamin
DDC|HTR1A	DDC	HTR1A	Non-protein Signaling	SerotoninDopamin
DDC|HTR1B	DDC	HTR1B	Non-protein Signaling	SerotoninDopamin
DDC|HTR1D	DDC	HTR1D	Non-protein Signaling	SerotoninDopamin
DDC|HTR1E	DDC	HTR1E	Non-protein Signaling	SerotoninDopamin
DDC|HTR1F	DDC	HTR1F	Non-protein Signaling	SerotoninDopamin
DDC|HTR2A	DDC	HTR2A	Non-protein Signaling	SerotoninDopamin
DDC|HTR2B	DDC	HTR2B	Non-protein Signaling	SerotoninDopamin
DDC|HTR2C	DDC	HTR2C	Non-protein Signaling	SerotoninDopamin
DDC|HTR3A	DDC	HTR3A	Non-protein Signaling	SerotoninDopamin
DDC|HTR3B	DDC	HTR3B	Non-protein Signaling	SerotoninDopamin
DDC|HTR3C	DDC	HTR3C	Non-protein Signaling	SerotoninDopamin
DDC|HTR3D	DDC	HTR3D	Non-protein Signaling	SerotoninDopamin
DDC|HTR3E	DDC	HTR3E	Non-protein Signaling	SerotoninDopamin
DDC|HTR4	DDC	HTR4	Non-protein Signaling	SerotoninDopamin
DDC|HTR5A	DDC	HTR5A	Non-protein Signaling	SerotoninDopamin
DDC|HTR6	DDC	HTR6	Non-protein Signaling	SerotoninDopamin
DDC|HTR7	DDC	HTR7	Non-protein Signaling	SerotoninDopamin
DMP1|ITGAV_ITGB3	DMP1	ITGAV_ITGB3	ECM-Receptor	DMP1
EFNB2|EPHA4	EFNB2	EPHA4	Cell-Cell Contact	EPHB
EFNB2|EPHB1	EFNB2	EPHB1	Cell-Cell Contact	EPHB
EFNB2|EPHB2	EFNB2	EPHB2	Cell-Cell Contact	EPHB
EFNB2|EPHB3	EFNB2	EPHB3	Cell-Cell Contact	EPHB
EFNB2|EPHB4	EFNB2	EPHB4	Cell-Cell Contact	EPHB
EGF|ERBB2_EGFR	EGF	ERBB2_EGFR	Secreted	EGF
EREG|ERBB2_EGFR	EREG	ERBB2_EGFR	Secreted	EGF
EREG|ERBB2_ERBB4	EREG	ERBB2_ERBB4	Secreted	EGF
EREG|ERBB4	EREG	ERBB4	Secreted	EGF
FCER2|ITGAV_ITGB3	FCER2	ITGAV_ITGB3	Cell-Cell Contact	CD23
FN1|ITGA2B_ITGB3	FN1	ITGA2B_ITGB3	ECM-Receptor	FN1
FN1|ITGAV_ITGB3	FN1	ITGAV_ITGB3	ECM-Receptor	FN1
GAD1_SLC6A1|GABBR1	GAD1_SLC6A1	GABBR1	Non-protein Signaling	GABA-B
GAD1_SLC6A1|GABBR2	GAD1_SLC6A1	GABBR2	Non-protein Signaling	GABA-B
GAD1_SLC6A1|GABRA1_GABRB2	GAD1_SLC6A1	GABRA1_GABRB2	Non-protein Signaling	GABA-A
GAD1_SLC6A1|GABRA1_GABRB3	GAD1_SLC6A1	GABRA1_GABRB3	Non-protein Signaling	GABA-A
GAD1_SLC6A1|GABRA1_GABRD_GABRB2	GAD1_SLC6A1	GABRA1_GABRD_GABRB2	Non-protein Signaling	GABA-A
GAD1_SLC6A1|GABRA1_GABRG2_GABRB2	GAD1_SLC6A1	GABRA1_GABRG2_GABRB2	Non-protein Signaling	GABA-A
GAD1_SLC6A1|GABRA1_GABRG2_GABRB3	GAD1_SLC6A1	GABRA1_GABRG2_GABRB3	Non-protein Signaling	GABA-A
GAD1_SLC6A1|GABRA2_GABRG2_GABRB3	GAD1_SLC6A1	GABRA2_GABRG2_GABRB3	Non-protein Signaling	GABA-A
GAD1_SLC6A1|GABRA3_GABRE_GABRB3	GAD1_SLC6A1	GABRA3_GABRE_GABRB3	Non-protein Signaling	GABA-A
GAD1_SLC6A1|GABRA3_GABRG2_GABRB3	GAD1_SLC6A1	GABRA3_GABRG2_GABRB3	Non-protein Signaling	GABA-A
GAD1_SLC6A1|GABRA4_GABRD_GABRB2	GAD1_SLC6A1	GABRA4_GABRD_GABRB2	Non-protein Signaling	GABA-A
GAD1_SLC6A1|GABRA4_GABRD_GABRB3	GAD1_SLC6A1	GABRA4_GABRD_GABRB3	Non-protein Signaling	GABA-A
GAD1_SLC6A1|GABRA4_GABRG2_GABRB3	GAD1_SLC6A1	GABRA4_GABRG2_GABRB3	Non-protein Signaling	GABA-A
GAD1_SLC6A1|GABRA5_GABRG2_GABRB3	GAD1_SLC6A1	GABRA5_GABRG2_GABRB3	Non-protein Signaling	GABA-A
GAD1_SLC6A1|GABRA6_GABRD_GABRB3	GAD1_SLC6A1	GABRA6_GABRD_GABRB3	Non-protein Signaling	GABA-A
GAD1_SLC6A1|GABRA6_GABRG2_GABRB3	GAD1_SLC6A1	GABRA6_GABRG2_GABRB3	Non-protein Signaling	GABA-A
GAD1_SLC6A1|GABRQ_GABRA3_GABRB3	GAD1_SLC6A1	GABRQ_GABRA3_GABRB3	Non-protein Signaling	GABA-A
GAD1_SLC6A11|GABBR1	GAD1_SLC6A11	GABBR1	Non-protein Signaling	GABA-B
GAD1_SLC6A11|GABBR2	GAD1_SLC6A11	GABBR2	Non-protein Signaling	GABA-B
GAD1_SLC6A11|GABRA1_GABRB2	GAD1_SLC6A11	GABRA1_GABRB2	Non-protein Signaling	GABA-A
GAD1_SLC6A11|GABRA1_GABRB3	GAD1_SLC6A11	GABRA1_GABRB3	Non-protein Signaling	GABA-A
GAD1_SLC6A11|GABRA1_GABRD_GABRB2	GAD1_SLC6A11	GABRA1_GABRD_GABRB2	Non-protein Signaling	GABA-A
GAD1_SLC6A11|GABRA1_GABRG2_GABRB2	GAD1_SLC6A11	GABRA1_GABRG2_GABRB2	Non-protein Signaling	GABA-A
GAD1_SLC6A11|GABRA1_GABRG2_GABRB3	GAD1_SLC6A11	GABRA1_GABRG2_GABRB3	Non-protein Signaling	GABA-A
GAD1_SLC6A11|GABRA2_GABRG2_GABRB3	GAD1_SLC6A11	GABRA2_GABRG2_GABRB3	Non-protein Signaling	GABA-A
GAD1_SLC6A11|GABRA3_GABRE_GABRB3	GAD1_SLC6A11	GABRA3_GABRE_GABRB3	Non-protein Signaling	GABA-A
GAD1_SLC6A11|GABRA3_GABRG2_GABRB3	GAD1_SLC6A11	GABRA3_GABRG2_GABRB3	Non-protein Signaling	GABA-A
GAD1_SLC6A11|GABRA4_GABRD_GABRB2	GAD1_SLC6A11	GABRA4_GABRD_GABRB2	Non-protein Signaling	GABA-A
GAD1_SLC6A11|GABRA4_GABRD_GABRB3	GAD1_SLC6A11	GABRA4_GABRD_GABRB3	Non-protein Signaling	GABA-A
GAD1_SLC6A11|GABRA4_GABRG2_GABRB3	GAD1_SLC6A11	GABRA4_GABRG2_GABRB3	Non-protein Signaling	GABA-A
GAD1_SLC6A11|GABRA5_GABRG2_GABRB3	GAD1_SLC6A11	GABRA5_GABRG2_GABRB3	Non-protein Signaling	GABA-A
GAD1_SLC6A11|GABRA6_GABRD_GABRB3	GAD1_SLC6A11	GABRA6_GABRD_GABRB3	Non-protein Signaling	GABA-A
GAD1_SLC6A11|GABRA6_GABRG2_GABRB3	GAD1_SLC6A11	GABRA6_GABRG2_GABRB3	Non-protein Signaling	GABA-A
GAD1_SLC6A11|GABRQ_GABRA3_GABRB3	GAD1_SLC6A11	GABRQ_GABRA3_GABRB3	Non-protein Signaling	GABA-A
GAD1_SLC6A13|GABBR1	GAD1_SLC6A13	GABBR1	Non-protein Signaling	GABA-B
GAD1_SLC6A13|GABBR2	GAD1_SLC6A13	GABBR2	Non-protein Signaling	GABA-B
GAD1_SLC6A13|GABRA1_GABRB2	GAD1_SLC6A13	GABRA1_GABRB2	Non-protein Signaling	GABA-A
GAD1_SLC6A13|GABRA1_GABRB3	GAD1_SLC6A13	GABRA1_GABRB3	Non-protein Signaling	GABA-A
GAD1_SLC6A13|GABRA1_GABRD_GABRB2	GAD1_SLC6A13	GABRA1_GABRD_GABRB2	Non-protein Signaling	GABA-A
GAD1_SLC6A13|GABRA1_GABRG2_GABRB2	GAD1_SLC6A13	GABRA1_GABRG2_GABRB2	Non-protein Signaling	GABA-A
GAD1_SLC6A13|GABRA1_GABRG2_GABRB3	GAD1_SLC6A13	GABRA1_GABRG2_GABRB3	Non-protein Signaling	GABA-A
GAD1_SLC6A13|GABRA2_GABRG2_GABRB3	GAD1_SLC6A13	GABRA2_GABRG2_GABRB3	Non-protein Signaling	GABA-A
GAD1_SLC6A13|GABRA3_GABRE_GABRB3	GAD1_SLC6A13	GABRA3_GABRE_GABRB3	Non-protein Signaling	GABA-A
GAD1_SLC6A13|GABRA3_GABRG2_GABRB3	GAD1_SLC6A13	GABRA3_GABRG2_GABRB3	Non-protein Signaling	GABA-A
GAD1_SLC6A13|GABRA4_GABRD_GABRB2	GAD1_SLC6A13	GABRA4_GABRD_GABRB2	Non-protein Signaling	GABA-A
GAD1_SLC6A13|GABRA4_GABRD_GABRB3	GAD1_SLC6A13	GABRA4_GABRD_GABRB3	Non-protein Signaling	GABA-A
GAD1_SLC6A13|GABRA4_GABRG2_GABRB3	GAD1_SLC6A13	GABRA4_GABRG2_GABRB3	Non-protein Signaling	GABA-A
GAD1_SLC6A13|GABRA5_GABRG2_GABRB3	GAD1_SLC6A13	GABRA5_GABRG2_GABRB3	Non-protein Signaling	GABA-A
GAD1_SLC6A13|GABRA6_GABRD_GABRB3	GAD1_SLC6A13	GABRA6_GABRD_GABRB3	Non-protein Signaling	GABA-A
GAD1_SLC6A13|GABRA6_GABRG2_GABRB3	GAD1_SLC6A13	GABRA6_GABRG2_GABRB3	Non-protein Signaling	GABA-A
GAD1_SLC6A13|GABRQ_GABRA3_GABRB3	GAD1_SLC6A13	GABRQ_GABRA3_GABRB3	Non-protein Signaling	GABA-A
GAD1_SLC6A6|GABBR1	GAD1_SLC6A6	GABBR1	Non-protein Signaling	GABA-B
GAD1_SLC6A6|GABBR2	GAD1_SLC6A6	GABBR2	Non-protein Signaling	GABA-B
GAD1_SLC6A6|GABRA1_GABRB2	GAD1_SLC6A6	GABRA1_GABRB2	Non-protein Signaling	GABA-A
GAD1_SLC6A6|GABRA1_GABRB3	GAD1_SLC6A6	GABRA1_GABRB3	Non-protein Signaling	GABA-A
GAD1_SLC6A6|GABRA1_GABRD_GABRB2	GAD1_SLC6A6	GABRA1_GABRD_GABRB2	Non-protein Signaling	GABA-A
GAD1_SLC6A6|GABRA1_GABRG2_GABRB2	GAD1_SLC6A6	GABRA1_GABRG2_GABRB2	Non-protein Signaling	GABA-A
GAD1_SLC6A6|GABRA1_GABRG2_GABRB3	GAD1_SLC6A6	GABRA1_GABRG2_GABRB3	Non-protein Signaling	GABA-A
GAD1_SLC6A6|GABRA2_GABRG2_GABRB3	GAD1_SLC6A6	GABRA2_GABRG2_GABRB3	Non-protein Signaling	GABA-A
GAD1_SLC6A6|GABRA3_GABRE_GABRB3	GAD1_SLC6A6	GABRA3_GABRE_GABRB3	Non-protein Signaling	GABA-A
GAD1_SLC6A6|GABRA3_GABRG2_GABRB3	GAD1_SLC6A6	GABRA3_GABRG2_GABRB3	Non-protein Signaling	GABA-A
GAD1_SLC6A6|GABRA4_GABRD_GABRB2	GAD1_SLC6A6	GABRA4_GABRD_GABRB2	Non-protein Signaling	GABA-A
GAD1_SLC6A6|GABRA4_GABRD_GABRB3	GAD1_SLC6A6	GABRA4_GABRD_GABRB3	Non-protein Signaling	GABA-A
GAD1_SLC6A6|GABRA4_GABRG2_GABRB3	GAD1_SLC6A6	GABRA4_GABRG2_GABRB3	Non-protein Signaling	GABA-A
GAD1_SLC6A6|GABRA5_GABRG2_GABRB3	GAD1_SLC6A6	GABRA5_GABRG2_GABRB3	Non-protein Signaling	GABA-A
GAD1_SLC6A6|GABRA6_GABRD_GABRB3	GAD1_SLC6A6	GABRA6_GABRD_GABRB3	Non-protein Signaling	GABA-A
GAD1_SLC6A6|GABRA6_GABRG2_GABRB3	GAD1_SLC6A6	GABRA6_GABRG2_GABRB3	Non-protein Signaling	GABA-A
GAD1_SLC6A6|GABRQ_GABRA3_GABRB3	GAD1_SLC6A6	GABRQ_GABRA3_GABRB3	Non-protein Signaling	GABA-A
GAD1_SLC6A8|GABBR1	GAD1_SLC6A8	GABBR1	Non-protein Signaling	GABA-B
GAD1_SLC6A8|GABBR2	GAD1_SLC6A8	GABBR2	Non-protein Signaling	GABA-B
GAD1_SLC6A8|GABRA1_GABRB2	GAD1_SLC6A8	GABRA1_GABRB2	Non-protein Signaling	GABA-A
GAD1_SLC6A8|GABRA1_GABRB3	GAD1_SLC6A8	GABRA1_GABRB3	Non-protein Signaling	GABA-A
GAD1_SLC6A8|GABRA1_GABRD_GABRB2	GAD1_SLC6A8	GABRA1_GABRD_GABRB2	Non-protein Signaling	GABA-A
GAD1_SLC6A8|GABRA1_GABRG2_GABRB2	GAD1_SLC6A8	GABRA1_GABRG2_GABRB2	Non-protein Signaling	GABA-A
GAD1_SLC6A8|GABRA1_GABRG2_GABRB3	GAD1_SLC6A8	GABRA1_GABRG2_GABRB3	Non-protein Signaling	GABA-A
GAD1_SLC6A8|GABRA2_GABRG2_GABRB3	GAD1_SLC6A8	GABRA2_GABRG2_GABRB3	Non-protein Signaling	GABA-A
GAD1_SLC6A8|GABRA3_GABRE_GABRB3	GAD1_SLC6A8	GABRA3_GABRE_GABRB3	Non-protein Signaling	GABA-A
GAD1_SLC6A8|GABRA3_GABRG2_GABRB3	GAD1_SLC6A8	GABRA3_GABRG2_GABRB3	Non-protein Signaling	GABA-A
GAD1_SLC6A8|GABRA4_GABRD_GABRB2	GAD1_SLC6A8	GABRA4_GABRD_GABRB2	Non-protein Signaling	GABA-A
GAD1_SLC6A8|GABRA4_GABRD_GABRB3	GAD1_SLC6A8	GABRA4_GABRD_GABRB3	Non-protein Signaling	GABA-A
GAD1_SLC6A8|GABRA4_GABRG2_GABRB3	GAD1_SLC6A8	GABRA4_GABRG2_GABRB3	Non-protein Signaling	GABA-A
GAD1_SLC6A8|GABRA5_GABRG2_GABRB3	GAD1_SLC6A8	GABRA5_GABRG2_GABRB3	Non-protein Signaling	GABA-A
GAD1_SLC6A8|GABRA6_GABRD_GABRB3	GAD1_SLC6A8	GABRA6_GABRD_GABRB3	Non-protein Signaling	GABA-A
GAD1_SLC6A8|GABRA6_GABRG2_GABRB3	GAD1_SLC6A8	GABRA6_GABRG2_GABRB3	Non-protein Signaling	GABA-A
GAD1_SLC6A8|GABRQ_GABRA3_GABRB3	GAD1_SLC6A8	GABRQ_GABRA3_GABRB3	Non-protein Signaling	GABA-A
GAD2_SLC6A1|GABBR1	GAD2_SLC6A1	GABBR1	Non-protein Signaling	GABA-B
GAD2_SLC6A1|GABBR2	GAD2_SLC6A1	GABBR2	Non-protein Signaling	GABA-B
GAD2_SLC6A1|GABRA1_GABRB2	GAD2_SLC6A1	GABRA1_GABRB2	Non-protein Signaling	GABA-A
GAD2_SLC6A1|GABRA1_GABRB3	GAD2_SLC6A1	GABRA1_GABRB3	Non-protein Signaling	GABA-A
GAD2_SLC6A1|GABRA1_GABRD_GABRB2	GAD2_SLC6A1	GABRA1_GABRD_GABRB2	Non-protein Signaling	GABA-A
GAD2_SLC6A1|GABRA1_GABRG2_GABRB2	GAD2_SLC6A1	GABRA1_GABRG2_GABRB2	Non-protein Signaling	GABA-A
GAD2_SLC6A1|GABRA1_GABRG2_GABRB3	GAD2_SLC6A1	GABRA1_GABRG2_GABRB3	Non-protein Signaling	GABA-A
GAD2_SLC6A1|GABRA2_GABRG2_GABRB3	GAD2_SLC6A1	GABRA2_GABRG2_GABRB3	Non-protein Signaling	GABA-A
GAD2_SLC6A1|GABRA3_GABRE_GABRB3	GAD2_SLC6A1	GABRA3_GABRE_GABRB3	Non-protein Signaling	GABA-A
GAD2_SLC6A1|GABRA3_GABRG2_GABRB3	GAD2_SLC6A1	GABRA3_GABRG2_GABRB3	Non-protein Signaling	GABA-A
GAD2_SLC6A1|GABRA4_GABRD_GABRB2	GAD2_SLC6A1	GABRA4_GABRD_GABRB2	Non-protein Signaling	GABA-A
GAD2_SLC6A1|GABRA4_GABRD_GABRB3	GAD2_SLC6A1	GABRA4_GABRD_GABRB3	Non-protein Signaling	GABA-A
GAD2_SLC6A1|GABRA4_GABRG2_GABRB3	GAD2_SLC6A1	GABRA4_GABRG2_GABRB3	Non-protein Signaling	GABA-A
GAD2_SLC6A1|GABRA5_GABRG2_GABRB3	GAD2_SLC6A1	GABRA5_GABRG2_GABRB3	Non-protein Signaling	GABA-A
GAD2_SLC6A1|GABRA6_GABRD_GABRB3	GAD2_SLC6A1	GABRA6_GABRD_GABRB3	Non-protein Signaling	GABA-A
GAD2_SLC6A1|GABRA6_GABRG2_GABRB3	GAD2_SLC6A1	GABRA6_GABRG2_GABRB3	Non-protein Signaling	GABA-A
GAD2_SLC6A1|GABRQ_GABRA3_GABRB3	GAD2_SLC6A1	GABRQ_GABRA3_GABRB3	Non-protein Signaling	GABA-A
GAD2_SLC6A11|GABBR1	GAD2_SLC6A11	GABBR1	Non-protein Signaling	GABA-B
GAD2_SLC6A11|GABBR2	GAD2_SLC6A11	GABBR2	Non-protein Signaling	GABA-B
GAD2_SLC6A11|GABRA1_GABRB2	GAD2_SLC6A11	GABRA1_GABRB2	Non-protein Signaling	GABA-A
GAD2_SLC6A11|GABRA1_GABRB3	GAD2_SLC6A11	GABRA1_GABRB3	Non-protein Signaling	GABA-A
GAD2_SLC6A11|GABRA1_GABRD_GABRB2	GAD2_SLC6A11	GABRA1_GABRD_GABRB2	Non-protein Signaling	GABA-A
GAD2_SLC6A11|GABRA1_GABRG2_GABRB2	GAD2_SLC6A11	GABRA1_GABRG2_GABRB2	Non-protein Signaling	GABA-A
GAD2_SLC6A11|GABRA1_GABRG2_GABRB3	GAD2_SLC6A11	GABRA1_GABRG2_GABRB3	Non-protein Signaling	GABA-A
GAD2_SLC6A11|GABRA2_GABRG2_GABRB3	GAD2_SLC6A11	GABRA2_GABRG2_GABRB3	Non-protein Signaling	GABA-A
GAD2_SLC6A11|GABRA3_GABRE_GABRB3	GAD2_SLC6A11	GABRA3_GABRE_GABRB3	Non-protein Signaling	GABA-A
GAD2_SLC6A11|GABRA3_GABRG2_GABRB3	GAD2_SLC6A11	GABRA3_GABRG2_GABRB3	Non-protein Signaling	GABA-A
GAD2_SLC6A11|GABRA4_GABRD_GABRB2	GAD2_SLC6A11	GABRA4_GABRD_GABRB2	Non-protein Signaling	GABA-A
GAD2_SLC6A11|GABRA4_GABRD_GABRB3	GAD2_SLC6A11	GABRA4_GABRD_GABRB3	Non-protein Signaling	GABA-A
GAD2_SLC6A11|GABRA4_GABRG2_GABRB3	GAD2_SLC6A11	GABRA4_GABRG2_GABRB3	Non-protein Signaling	GABA-A
GAD2_SLC6A11|GABRA5_GABRG2_GABRB3	GAD2_SLC6A11	GABRA5_GABRG2_GABRB3	Non-protein Signaling	GABA-A
GAD2_SLC6A11|GABRA6_GABRD_GABRB3	GAD2_SLC6A11	GABRA6_GABRD_GABRB3	Non-protein Signaling	GABA-A
GAD2_SLC6A11|GABRA6_GABRG2_GABRB3	GAD2_SLC6A11	GABRA6_GABRG2_GABRB3	Non-protein Signaling	GABA-A
GAD2_SLC6A11|GABRQ_GABRA3_GABRB3	GAD2_SLC6A11	GABRQ_GABRA3_GABRB3	Non-protein Signaling	GABA-A
GAD2_SLC6A13|GABBR1	GAD2_SLC6A13	GABBR1	Non-protein Signaling	GABA-B
GAD2_SLC6A13|GABBR2	GAD2_SLC6A13	GABBR2	Non-protein Signaling	GABA-B
GAD2_SLC6A13|GABRA1_GABRB2	GAD2_SLC6A13	GABRA1_GABRB2	Non-protein Signaling	GABA-A
GAD2_SLC6A13|GABRA1_GABRB3	GAD2_SLC6A13	GABRA1_GABRB3	Non-protein Signaling	GABA-A
GAD2_SLC6A13|GABRA1_GABRD_GABRB2	GAD2_SLC6A13	GABRA1_GABRD_GABRB2	Non-protein Signaling	GABA-A
GAD2_SLC6A13|GABRA1_GABRG2_GABRB2	GAD2_SLC6A13	GABRA1_GABRG2_GABRB2	Non-protein Signaling	GABA-A
GAD2_SLC6A13|GABRA1_GABRG2_GABRB3	GAD2_SLC6A13	GABRA1_GABRG2_GABRB3	Non-protein Signaling	GABA-A
GAD2_SLC6A13|GABRA2_GABRG2_GABRB3	GAD2_SLC6A13	GABRA2_GABRG2_GABRB3	Non-protein Signaling	GABA-A
GAD2_SLC6A13|GABRA3_GABRE_GABRB3	GAD2_SLC6A13	GABRA3_GABRE_GABRB3	Non-protein Signaling	GABA-A
GAD2_SLC6A13|GABRA3_GABRG2_GABRB3	GAD2_SLC6A13	GABRA3_GABRG2_GABRB3	Non-protein Signaling	GABA-A
GAD2_SLC6A13|GABRA4_GABRD_GABRB2	GAD2_SLC6A13	GABRA4_GABRD_GABRB2	Non-protein Signaling	GABA-A
GAD2_SLC6A13|GABRA4_GABRD_GABRB3	GAD2_SLC6A13	GABRA4_GABRD_GABRB3	Non-protein Signaling	GABA-A
GAD2_SLC6A13|GABRA4_GABRG2_GABRB3	GAD2_SLC6A13	GABRA4_GABRG2_GABRB3	Non-protein Signaling	GABA-A
GAD2_SLC6A13|GABRA5_GABRG2_GABRB3	GAD2_SLC6A13	GABRA5_GABRG2_GABRB3	Non-protein Signaling	GABA-A
GAD2_SLC6A13|GABRA6_GABRD_GABRB3	GAD2_SLC6A13	GABRA6_GABRD_GABRB3	Non-protein Signaling	GABA-A
GAD2_SLC6A13|GABRA6_GABRG2_GABRB3	GAD2_SLC6A13	GABRA6_GABRG2_GABRB3	Non-protein Signaling	GABA-A
GAD2_SLC6A13|GABRQ_GABRA3_GABRB3	GAD2_SLC6A13	GABRQ_GABRA3_GABRB3	Non-protein Signaling	GABA-A
GAD2_SLC6A6|GABBR1	GAD2_SLC6A6	GABBR1	Non-protein Signaling	GABA-B
GAD2_SLC6A6|GABBR2	GAD2_SLC6A6	GABBR2	Non-protein Signaling	GABA-B
GAD2_SLC6A6|GABRA1_GABRB2	GAD2_SLC6A6	GABRA1_GABRB2	Non-protein Signaling	GABA-A
GAD2_SLC6A6|GABRA1_GABRB3	GAD2_SLC6A6	GABRA1_GABRB3	Non-protein Signaling	GABA-A
GAD2_SLC6A6|GABRA1_GABRD_GABRB2	GAD2_SLC6A6	GABRA1_GABRD_GABRB2	Non-protein Signaling	GABA-A
GAD2_SLC6A6|GABRA1_GABRG2_GABRB2	GAD2_SLC6A6	GABRA1_GABRG2_GABRB2	Non-protein Signaling	GABA-A
GAD2_SLC6A6|GABRA1_GABRG2_GABRB3	GAD2_SLC6A6	GABRA1_GABRG2_GABRB3	Non-protein Signaling	GABA-A
GAD2_SLC6A6|GABRA2_GABRG2_GABRB3	GAD2_SLC6A6	GABRA2_GABRG2_GABRB3	Non-protein Signaling	GABA-A
GAD2_SLC6A6|GABRA3_GABRE_GABRB3	GAD2_SLC6A6	GABRA3_GABRE_GABRB3	Non-protein Signaling	GABA-A
GAD2_SLC6A6|GABRA3_GABRG2_GABRB3	GAD2_SLC6A6	GABRA3_GABRG2_GABRB3	Non-protein Signaling	GABA-A
GAD2_SLC6A6|GABRA4_GABRD_GABRB2	GAD2_SLC6A6	GABRA4_GABRD_GABRB2	Non-protein Signaling	GABA-A
GAD2_SLC6A6|GABRA4_GABRD_GABRB3	GAD2_SLC6A6	GABRA4_GABRD_GABRB3	Non-protein Signaling	GABA-A
GAD2_SLC6A6|GABRA4_GABRG2_GABRB3	GAD2_SLC6A6	GABRA4_GABRG2_GABRB3	Non-protein Signaling	GABA-A
GAD2_SLC6A6|GABRA5_GABRG2_GABRB3	GAD2_SLC6A6	GABRA5_GABRG2_GABRB3	Non-protein Signaling	GABA-A
GAD2_SLC6A6|GABRA6_GABRD_GABRB3	GAD2_SLC6A6	GABRA6_GABRD_GABRB3	Non-protein Signaling	GABA-A
GAD2_SLC6A6|GABRA6_GABRG2_GABRB3	GAD2_SLC6A6	GABRA6_GABRG2_GABRB3	Non-protein Signaling	GABA-A
GAD2_SLC6A6|GABRQ_GABRA3_GABRB3	GAD2_SLC6A6	GABRQ_GABRA3_GABRB3	Non-protein Signaling	GABA-A
GAD2_SLC6A8|GABBR1	GAD2_SLC6A8	GABBR1	Non-protein Signaling	GABA-B
GAD2_SLC6A8|GABBR2	GAD2_SLC6A8	GABBR2	Non-protein Signaling	GABA-B
GAD2_SLC6A8|GABRA1_GABRB2	GAD2_SLC6A8	GABRA1_GABRB2	Non-protein Signaling	GABA-A
GAD2_SLC6A8|GABRA1_GABRB3	GAD2_SLC6A8	GABRA1_GABRB3	Non-protein Signaling	GABA-A
GAD2_SLC6A8|GABRA1_GABRD_GABRB2	GAD2_SLC6A8	GABRA1_GABRD_GABRB2	Non-protein Signaling	GABA-A
GAD2_SLC6A8|GABRA1_GABRG2_GABRB2	GAD2_SLC6A8	GABRA1_GABRG2_GABRB2	Non-protein Signaling	GABA-A
GAD2_SLC6A8|GABRA1_GABRG2_GABRB3	GAD2_SLC6A8	GABRA1_GABRG2_GABRB3	Non-protein Signaling	GABA-A
GAD2_SLC6A8|GABRA2_GABRG2_GABRB3	GAD2_SLC6A8	GABRA2_GABRG2_GABRB3	Non-protein Signaling	GABA-A
GAD2_SLC6A8|GABRA3_GABRE_GABRB3	GAD2_SLC6A8	GABRA3_GABRE_GABRB3	Non-protein Signaling	GABA-A
GAD2_SLC6A8|GABRA3_GABRG2_GABRB3	GAD2_SLC6A8	GABRA3_GABRG2_GABRB3	Non-protein Signaling	GABA-A
GAD2_SLC6A8|GABRA4_GABRD_GABRB2	GAD2_SLC6A8	GABRA4_GABRD_GABRB2	Non-protein Signaling	GABA-A
GAD2_SLC6A8|GABRA4_GABRD_GABRB3	GAD2_SLC6A8	GABRA4_GABRD_GABRB3	Non-protein Signaling	GABA-A
GAD2_SLC6A8|GABRA4_GABRG2_GABRB3	GAD2_SLC6A8	GABRA4_GABRG2_GABRB3	Non-protein Signaling	GABA-A
GAD2_SLC6A8|GABRA5_GABRG2_GABRB3	GAD2_SLC6A8	GABRA5_GABRG2_GABRB3	Non-protein Signaling	GABA-A
GAD2_SLC6A8|GABRA6_GABRD_GABRB3	GAD2_SLC6A8	GABRA6_GABRD_GABRB3	Non-protein Signaling	GABA-A
GAD2_SLC6A8|GABRA6_GABRG2_GABRB3	GAD2_SLC6A8	GABRA6_GABRG2_GABRB3	Non-protein Signaling	GABA-A
GAD2_SLC6A8|GABRQ_GABRA3_GABRB3	GAD2_SLC6A8	GABRQ_GABRA3_GABRB3	Non-protein Signaling	GABA-A
GHRH|GHSR	GHRH	GHSR	Secreted	GHRH
GHRL|GHSR	GHRL	GHSR	Secreted	GHRELIN
GLS2_SLC1A1|GRIA1	GLS2_SLC1A1	GRIA1	Non-protein Signaling	Glutamate
GLS2_SLC1A1|GRIA2	GLS2_SLC1A1	GRIA2	Non-protein Signaling	Glutamate
GLS2_SLC1A1|GRIA3	GLS2_SLC1A1	GRIA3	Non-protein Signaling	Glutamate
GLS2_SLC1A1|GRIA4	GLS2_SLC1A1	GRIA4	Non-protein Signaling	Glutamate
GLS2_SLC1A1|GRIK1	GLS2_SLC1A1	GRIK1	Non-protein Signaling	Glutamate
GLS2_SLC1A1|GRIK1_GRIK4	GLS2_SLC1A1	GRIK1_GRIK4	Non-protein Signaling	Glutamate
GLS2_SLC1A1|GRIK2	GLS2_SLC1A1	GRIK2	Non-protein Signaling	Glutamate
GLS2_SLC1A1|GRIK2_GRIK4	GLS2_SLC1A1	GRIK2_GRIK4	Non-protein Signaling	Glutamate
GLS2_SLC1A1|GRIK3	GLS2_SLC1A1	GRIK3	Non-protein Signaling	Glutamate
GLS2_SLC1A1|GRIK3_GRIK4	GLS2_SLC1A1	GRIK3_GRIK4	Non-protein Signaling	Glutamate
GLS2_SLC1A1|GRIK3_GRIK5	GLS2_SLC1A1	GRIK3_GRIK5	Non-protein Signaling	Glutamate
GLS2_SLC1A1|GRIK5_GRIK1	GLS2_SLC1A1	GRIK5_GRIK1	Non-protein Signaling	Glutamate
GLS2_SLC1A1|GRIK5_GRIK2	GLS2_SLC1A1	GRIK5_GRIK2	Non-protein Signaling	Glutamate
GLS2_SLC1A1|GRIN1_GRIN2A	GLS2_SLC1A1	GRIN1_GRIN2A	Non-protein Signaling	Glutamate
GLS2_SLC1A1|GRIN1_GRIN2B	GLS2_SLC1A1	GRIN1_GRIN2B	Non-protein Signaling	Glutamate
GLS2_SLC1A1|GRIN1_GRIN2D	GLS2_SLC1A1	GRIN1_GRIN2D	Non-protein Signaling	Glutamate
GLS2_SLC1A1|GRIN2C_GRIN1	GLS2_SLC1A1	GRIN2C_GRIN1	Non-protein Signaling	Glutamate
GLS2_SLC1A1|GRM1	GLS2_SLC1A1	GRM1	Non-protein Signaling	Glutamate
GLS2_SLC1A1|GRM2	GLS2_SLC1A1	GRM2	Non-protein Signaling	Glutamate
GLS2_SLC1A1|GRM3	GLS2_SLC1A1	GRM3	Non-protein Signaling	Glutamate
GLS2_SLC1A1|GRM4	GLS2_SLC1A1	GRM4	Non-protein Signaling	Glutamate
GLS2_SLC1A1|GRM5	GLS2_SLC1A1	GRM5	Non-protein Signaling	Glutamate
GLS2_SLC1A1|GRM6	GLS2_SLC1A1	GRM6	Non-protein Signaling	Glutamate
GLS2_SLC1A1|GRM7	GLS2_SLC1A1	GRM7	Non-protein Signaling	Glutamate
GLS2_SLC1A1|GRM8	GLS2_SLC1A1	GRM8	Non-protein Signaling	Glutamate
GLS2_SLC1A2|GRIA1	GLS2_SLC1A2	GRIA1	Non-protein Signaling	Glutamate
GLS2_SLC1A2|GRIA2	GLS2_SLC1A2	GRIA2	Non-protein Signaling	Glutamate
GLS2_SLC1A2|GRIA3	GLS2_SLC1A2	GRIA3	Non-protein Signaling	Glutamate
GLS2_SLC1A2|GRIA4	GLS2_SLC1A2	GRIA4	Non-protein Signaling	Glutamate
GLS2_SLC1A2|GRIK1	GLS2_SLC1A2	GRIK1	Non-protein Signaling	Glutamate
GLS2_SLC1A2|GRIK1_GRIK4	GLS2_SLC1A2	GRIK1_GRIK4	Non-protein Signaling	Glutamate
GLS2_SLC1A2|GRIK2	GLS2_SLC1A2	GRIK2	Non-protein Signaling	Glutamate
GLS2_SLC1A2|GRIK2_GRIK4	GLS2_SLC1A2	GRIK2_GRIK4	Non-protein Signaling	Glutamate
GLS2_SLC1A2|GRIK3	GLS2_SLC1A2	GRIK3	Non-protein Signaling	Glutamate
GLS2_SLC1A2|GRIK3_GRIK4	GLS2_SLC1A2	GRIK3_GRIK4	Non-protein Signaling	Glutamate
GLS2_SLC1A2|GRIK3_GRIK5	GLS2_SLC1A2	GRIK3_GRIK5	Non-protein Signaling	Glutamate
GLS2_SLC1A2|GRIK5_GRIK1	GLS2_SLC1A2	GRIK5_GRIK1	Non-protein Signaling	Glutamate
GLS2_SLC1A2|GRIK5_GRIK2	GLS2_SLC1A2	GRIK5_GRIK2	Non-protein Signaling	Glutamate
GLS2_SLC1A2|GRIN1_GRIN2A	GLS2_SLC1A2	GRIN1_GRIN2A	Non-protein Signaling	Glutamate
GLS2_SLC1A2|GRIN1_GRIN2B	GLS2_SLC1A2	GRIN1_GRIN2B	Non-protein Signaling	Glutamate
GLS2_SLC1A2|GRIN1_GRIN2D	GLS2_SLC1A2	GRIN1_GRIN2D	Non-protein Signaling	Glutamate
GLS2_SLC1A2|GRIN2C_GRIN1	GLS2_SLC1A2	GRIN2C_GRIN1	Non-protein Signaling	Glutamate
GLS2_SLC1A2|GRM1	GLS2_SLC1A2	GRM1	Non-protein Signaling	Glutamate
GLS2_SLC1A2|GRM2	GLS2_SLC1A2	GRM2	Non-protein Signaling	Glutamate
GLS2_SLC1A2|GRM3	GLS2_SLC1A2	GRM3	Non-protein Signaling	Glutamate
GLS2_SLC1A2|GRM4	GLS2_SLC1A2	GRM4	Non-protein Signaling	Glutamate
GLS2_SLC1A2|GRM5	GLS2_SLC1A2	GRM5	Non-protein Signaling	Glutamate
GLS2_SLC1A2|GRM6	GLS2_SLC1A2	GRM6	Non-protein Signaling	Glutamate
GLS2_SLC1A2|GRM7	GLS2_SLC1A2	GRM7	Non-protein Signaling	Glutamate
GLS2_SLC1A2|GRM8	GLS2_SLC1A2	GRM8	Non-protein Signaling	Glutamate
GLS2_SLC1A3|GRIA1	GLS2_SLC1A3	GRIA1	Non-protein Signaling	Glutamate
GLS2_SLC1A3|GRIA2	GLS2_SLC1A3	GRIA2	Non-protein Signaling	Glutamate
GLS2_SLC1A3|GRIA3	GLS2_SLC1A3	GRIA3	Non-protein Signaling	Glutamate
GLS2_SLC1A3|GRIA4	GLS2_SLC1A3	GRIA4	Non-protein Signaling	Glutamate
GLS2_SLC1A3|GRIK1	GLS2_SLC1A3	GRIK1	Non-protein Signaling	Glutamate
GLS2_SLC1A3|GRIK1_GRIK4	GLS2_SLC1A3	GRIK1_GRIK4	Non-protein Signaling	Glutamate
GLS2_SLC1A3|GRIK2	GLS2_SLC1A3	GRIK2	Non-protein Signaling	Glutamate
GLS2_SLC1A3|GRIK2_GRIK4	GLS2_SLC1A3	GRIK2_GRIK4	Non-protein Signaling	Glutamate
GLS2_SLC1A3|GRIK3	GLS2_SLC1A3	GRIK3	Non-protein Signaling	Glutamate
GLS2_SLC1A3|GRIK3_GRIK4	GLS2_SLC1A3	GRIK3_GRIK4	Non-protein Signaling	Glutamate
GLS2_SLC1A3|GRIK3_GRIK5	GLS2_SLC1A3	GRIK3_GRIK5	Non-protein Signaling	Glutamate
GLS2_SLC1A3|GRIK5_GRIK1	GLS2_SLC1A3	GRIK5_GRIK1	Non-protein Signaling	Glutamate
GLS2_SLC1A3|GRIK5_GRIK2	GLS2_SLC1A3	GRIK5_GRIK2	Non-protein Signaling	Glutamate
GLS2_SLC1A3|GRIN1_GRIN2A	GLS2_SLC1A3	GRIN1_GRIN2A	Non-protein Signaling	Glutamate
GLS2_SLC1A3|GRIN1_GRIN2B	GLS2_SLC1A3	GRIN1_GRIN2B	Non-protein Signaling	Glutamate
GLS2_SLC1A3|GRIN1_GRIN2D	GLS2_SLC1A3	GRIN1_GRIN2D	Non-protein Signaling	Glutamate
GLS2_SLC1A3|GRIN2C_GRIN1	GLS2_SLC1A3	GRIN2C_GRIN1	Non-protein Signaling	Glutamate
GLS2_SLC1A3|GRM1	GLS2_SLC1A3	GRM1	Non-protein Signaling	Glutamate
GLS2_SLC1A3|GRM2	GLS2_SLC1A3	GRM2	Non-protein Signaling	Glutamate
GLS2_SLC1A3|GRM3	GLS2_SLC1A3	GRM3	Non-protein Signaling	Glutamate
GLS2_SLC1A3|GRM4	GLS2_SLC1A3	GRM4	Non-protein Signaling	Glutamate
GLS2_SLC1A3|GRM5	GLS2_SLC1A3	GRM5	Non-protein Signaling	Glutamate
GLS2_SLC1A3|GRM6	GLS2_SLC1A3	GRM6	Non-protein Signaling	Glutamate
GLS2_SLC1A3|GRM7	GLS2_SLC1A3	GRM7	Non-protein Signaling	Glutamate
GLS2_SLC1A3|GRM8	GLS2_SLC1A3	GRM8	Non-protein Signaling	Glutamate
GLS2_SLC1A7|GRIA1	GLS2_SLC1A7	GRIA1	Non-protein Signaling	Glutamate
GLS2_SLC1A7|GRIA2	GLS2_SLC1A7	GRIA2	Non-protein Signaling	Glutamate
GLS2_SLC1A7|GRIA3	GLS2_SLC1A7	GRIA3	Non-protein Signaling	Glutamate
GLS2_SLC1A7|GRIA4	GLS2_SLC1A7	GRIA4	Non-protein Signaling	Glutamate
GLS2_SLC1A7|GRIK1	GLS2_SLC1A7	GRIK1	Non-protein Signaling	Glutamate
GLS2_SLC1A7|GRIK1_GRIK4	GLS2_SLC1A7	GRIK1_GRIK4	Non-protein Signaling	Glutamate
GLS2_SLC1A7|GRIK2	GLS2_SLC1A7	GRIK2	Non-protein Signaling	Glutamate
GLS2_SLC1A7|GRIK2_GRIK4	GLS2_SLC1A7	GRIK2_GRIK4	Non-protein Signaling	Glutamate
GLS2_SLC1A7|GRIK3	GLS2_SLC1A7	GRIK3	Non-protein Signaling	Glutamate
GLS2_SLC1A7|GRIK3_GRIK4	GLS2_SLC1A7	GRIK3_GRIK4	Non-protein Signaling	Glutamate
GLS2_SLC1A7|GRIK3_GRIK5	GLS2_SLC1A7	GRIK3_GRIK5	Non-protein Signaling	Glutamate
GLS2_SLC1A7|GRIK5_GRIK1	GLS2_SLC1A7	GRIK5_GRIK1	Non-protein Signaling	Glutamate
GLS2_SLC1A7|GRIK5_GRIK2	GLS2_SLC1A7	GRIK5_GRIK2	Non-protein Signaling	Glutamate
GLS2_SLC1A7|GRIN1_GRIN2A	GLS2_SLC1A7	GRIN1_GRIN2A	Non-protein Signaling	Glutamate
GLS2_SLC1A7|GRIN1_GRIN2B	GLS2_SLC1A7	GRIN1_GRIN2B	Non-protein Signaling	Glutamate
GLS2_SLC1A7|GRIN1_GRIN2D	GLS2_SLC1A7	GRIN1_GRIN2D	Non-protein Signaling	Glutamate
GLS2_SLC1A7|GRIN2C_GRIN1	GLS2_SLC1A7	GRIN2C_GRIN1	Non-protein Signaling	Glutamate
GLS2_SLC1A7|GRM1	GLS2_SLC1A7	GRM1	Non-protein Signaling	Glutamate
GLS2_SLC1A7|GRM2	GLS2_SLC1A7	GRM2	Non-protein Signaling	Glutamate
GLS2_SLC1A7|GRM3	GLS2_SLC1A7	GRM3	Non-protein Signaling	Glutamate
GLS2_SLC1A7|GRM4	GLS2_SLC1A7	GRM4	Non-protein Signaling	Glutamate
GLS2_SLC1A7|GRM5	GLS2_SLC1A7	GRM5	Non-protein Signaling	Glutamate
GLS2_SLC1A7|GRM6	GLS2_SLC1A7	GRM6	Non-protein Signaling	Glutamate
GLS2_SLC1A7|GRM7	GLS2_SLC1A7	GRM7	Non-protein Signaling	Glutamate
GLS2_SLC1A7|GRM8	GLS2_SLC1A7	GRM8	Non-protein Signaling	Glutamate
GLS_SLC1A1|GRIA1	GLS_SLC1A1	GRIA1	Non-protein Signaling	Glutamate
GLS_SLC1A1|GRIA2	GLS_SLC1A1	GRIA2	Non-protein Signaling	Glutamate
GLS_SLC1A1|GRIA3	GLS_SLC1A1	GRIA3	Non-protein Signaling	Glutamate
GLS_SLC1A1|GRIA4	GLS_SLC1A1	GRIA4	Non-protein Signaling	Glutamate
GLS_SLC1A1|GRIK1	GLS_SLC1A1	GRIK1	Non-protein Signaling	Glutamate
GLS_SLC1A1|GRIK1_GRIK4	GLS_SLC1A1	GRIK1_GRIK4	Non-protein Signaling	Glutamate
GLS_SLC1A1|GRIK2	GLS_SLC1A1	GRIK2	Non-protein Signaling	Glutamate
GLS_SLC1A1|GRIK2_GRIK4	GLS_SLC1A1	GRIK2_GRIK4	Non-protein Signaling	Glutamate
GLS_SLC1A1|GRIK3	GLS_SLC1A1	GRIK3	Non-protein Signaling	Glutamate
GLS_SLC1A1|GRIK3_GRIK4	GLS_SLC1A1	GRIK3_GRIK4	Non-protein Signaling	Glutamate
GLS_SLC1A1|GRIK3_GRIK5	GLS_SLC1A1	GRIK3_GRIK5	Non-protein Signaling	Glutamate
GLS_SLC1A1|GRIK5_GRIK1	GLS_SLC1A1	GRIK5_GRIK1	Non-protein Signaling	Glutamate
GLS_SLC1A1|GRIK5_GRIK2	GLS_SLC1A1	GRIK5_GRIK2	Non-protein Signaling	Glutamate
GLS_SLC1A1|GRIN1_GRIN2A	GLS_SLC1A1	GRIN1_GRIN2A	Non-protein Signaling	Glutamate
GLS_SLC1A1|GRIN1_GRIN2B	GLS_SLC1A1	GRIN1_GRIN2B	Non-protein Signaling	Glutamate
GLS_SLC1A1|GRIN1_GRIN2D	GLS_SLC1A1	GRIN1_GRIN2D	Non-protein Signaling	Glutamate
GLS_SLC1A1|GRIN2C_GRIN1	GLS_SLC1A1	GRIN2C_GRIN1	Non-protein Signaling	Glutamate
GLS_SLC1A1|GRM1	GLS_SLC1A1	GRM1	Non-protein Signaling	Glutamate
GLS_SLC1A1|GRM2	GLS_SLC1A1	GRM2	Non-protein Signaling	Glutamate
GLS_SLC1A1|GRM3	GLS_SLC1A1	GRM3	Non-protein Signaling	Glutamate
GLS_SLC1A1|GRM4	GLS_SLC1A1	GRM4	Non-protein Signaling	Glutamate
GLS_SLC1A1|GRM5	GLS_SLC1A1	GRM5	Non-protein Signaling	Glutamate
GLS_SLC1A1|GRM6	GLS_SLC1A1	GRM6	Non-protein Signaling	Glutamate
GLS_SLC1A1|GRM7	GLS_SLC1A1	GRM7	Non-protein Signaling	Glutamate
GLS_SLC1A1|GRM8	GLS_SLC1A1	GRM8	Non-protein Signaling	Glutamate
GLS_SLC1A2|GRIA1	GLS_SLC1A2	GRIA1	Non-protein Signaling	Glutamate
GLS_SLC1A2|GRIA2	GLS_SLC1A2	GRIA2	Non-protein Signaling	Glutamate
GLS_SLC1A2|GRIA3	GLS_SLC1A2	GRIA3	Non-protein Signaling	Glutamate
GLS_SLC1A2|GRIA4	GLS_SLC1A2	GRIA4	Non-protein Signaling	Glutamate
GLS_SLC1A2|GRIK1	GLS_SLC1A2	GRIK1	Non-protein Signaling	Glutamate
GLS_SLC1A2|GRIK1_GRIK4	GLS_SLC1A2	GRIK1_GRIK4	Non-protein Signaling	Glutamate
GLS_SLC1A2|GRIK2	GLS_SLC1A2	GRIK2	Non-protein Signaling	Glutamate
GLS_SLC1A2|GRIK2_GRIK4	GLS_SLC1A2	GRIK2_GRIK4	Non-protein Signaling	Glutamate
GLS_SLC1A2|GRIK3	GLS_SLC1A2	GRIK3	Non-protein Signaling	Glutamate
GLS_SLC1A2|GRIK3_GRIK4	GLS_SLC1A2	GRIK3_GRIK4	Non-protein Signaling	Glutamate
GLS_SLC1A2|GRIK3_GRIK5	GLS_SLC1A2	GRIK3_GRIK5	Non-protein Signaling	Glutamate
GLS_SLC1A2|GRIK5_GRIK1	GLS_SLC1A2	GRIK5_GRIK1	Non-protein Signaling	Glutamate
GLS_SLC1A2|GRIK5_GRIK2	GLS_SLC1A2	GRIK5_GRIK2	Non-protein Signaling	Glutamate
GLS_SLC1A2|GRIN1_GRIN2A	GLS_SLC1A2	GRIN1_GRIN2A	Non-protein Signaling	Glutamate
GLS_SLC1A2|GRIN1_GRIN2B	GLS_SLC1A2	GRIN1_GRIN2B	Non-protein Signaling	Glutamate
GLS_SLC1A2|GRIN1_GRIN2D	GLS_SLC1A2	GRIN1_GRIN2D	Non-protein Signaling	Glutamate
GLS_SLC1A2|GRIN2C_GRIN1	GLS_SLC1A2	GRIN2C_GRIN1	Non-protein Signaling	Glutamate
GLS_SLC1A2|GRM1	GLS_SLC1A2	GRM1	Non-protein Signaling	Glutamate
GLS_SLC1A2|GRM2	GLS_SLC1A2	GRM2	Non-protein Signaling	Glutamate
GLS_SLC1A2|GRM3	GLS_SLC1A2	GRM3	Non-protein Signaling	Glutamate
GLS_SLC1A2|GRM4	GLS_SLC1A2	GRM4	Non-protein Signaling	Glutamate
GLS_SLC1A2|GRM5	GLS_SLC1A2	GRM5	Non-protein Signaling	Glutamate
GLS_SLC1A2|GRM6	GLS_SLC1A2	GRM6	Non-protein Signaling	Glutamate
GLS_SLC1A2|GRM7	GLS_SLC1A2	GRM7	Non-protein Signaling	Glutamate
GLS_SLC1A2|GRM8	GLS_SLC1A2	GRM8	Non-protein Signaling	Glutamate
GLS_SLC1A3|GRIA1	GLS_SLC1A3	GRIA1	Non-protein Signaling	Glutamate
GLS_SLC1A3|GRIA2	GLS_SLC1A3	GRIA2	Non-protein Signaling	Glutamate
GLS_SLC1A3|GRIA3	GLS_SLC1A3	GRIA3	Non-protein Signaling	Glutamate
GLS_SLC1A3|GRIA4	GLS_SLC1A3	GRIA4	Non-protein Signaling	Glutamate
GLS_SLC1A3|GRIK1	GLS_SLC1A3	GRIK1	Non-protein Signaling	Glutamate
GLS_SLC1A3|GRIK1_GRIK4	GLS_SLC1A3	GRIK1_GRIK4	Non-protein Signaling	Glutamate
GLS_SLC1A3|GRIK2	GLS_SLC1A3	GRIK2	Non-protein Signaling	Glutamate
GLS_SLC1A3|GRIK2_GRIK4	GLS_SLC1A3	GRIK2_GRIK4	Non-protein Signaling	Glutamate
GLS_SLC1A3|GRIK3	GLS_SLC1A3	GRIK3	Non-protein Signaling	Glutamate
GLS_SLC1A3|GRIK3_GRIK4	GLS_SLC1A3	GRIK3_GRIK4	Non-protein Signaling	Glutamate
GLS_SLC1A3|GRIK3_GRIK5	GLS_SLC1A3	GRIK3_GRIK5	Non-protein Signaling	Glutamate
GLS_SLC1A3|GRIK5_GRIK1	GLS_SLC1A3	GRIK5_GRIK1	Non-protein Signaling	Glutamate
GLS_SLC1A3|GRIK5_GRIK2	GLS_SLC1A3	GRIK5_GRIK2	Non-protein Signaling	Glutamate
GLS_SLC1A3|GRIN1_GRIN2A	GLS_SLC1A3	GRIN1_GRIN2A	Non-protein Signaling	Glutamate
GLS_SLC1A3|GRIN1_GRIN2B	GLS_SLC1A3	GRIN1_GRIN2B	Non-protein Signaling	Glutamate
GLS_SLC1A3|GRIN1_GRIN2D	GLS_SLC1A3	GRIN1_GRIN2D	Non-protein Signaling	Glutamate
GLS_SLC1A3|GRIN2C_GRIN1	GLS_SLC1A3	GRIN2C_GRIN1	Non-protein Signaling	Glutamate
GLS_SLC1A3|GRM1	GLS_SLC1A3	GRM1	Non-protein Signaling	Glutamate
GLS_SLC1A3|GRM2	GLS_SLC1A3	GRM2	Non-protein Signaling	Glutamate
GLS_SLC1A3|GRM3	GLS_SLC1A3	GRM3	Non-protein Signaling	Glutamate
GLS_SLC1A3|GRM4	GLS_SLC1A3	GRM4	Non-protein Signaling	Glutamate
GLS_SLC1A3|GRM5	GLS_SLC1A3	GRM5	Non-protein Signaling	Glutamate
GLS_SLC1A3|GRM6	GLS_SLC1A3	GRM6	Non-protein Signaling	Glutamate
GLS_SLC1A3|GRM7	GLS_SLC1A3	GRM7	Non-protein Signaling	Glutamate
GLS_SLC1A3|GRM8	GLS_SLC1A3	GRM8	Non-protein Signaling	Glutamate
GLS_SLC1A7|GRIA1	GLS_SLC1A7	GRIA1	Non-protein Signaling	Glutamate
GLS_SLC1A7|GRIA2	GLS_SLC1A7	GRIA2	Non-protein Signaling	Glutamate
GLS_SLC1A7|GRIA3	GLS_SLC1A7	GRIA3	Non-protein Signaling	Glutamate
GLS_SLC1A7|GRIA4	GLS_SLC1A7	GRIA4	Non-protein Signaling	Glutamate
GLS_SLC1A7|GRIK1	GLS_SLC1A7	GRIK1	Non-protein Signaling	Glutamate
GLS_SLC1A7|GRIK1_GRIK4	GLS_SLC1A7	GRIK1_GRIK4	Non-protein Signaling	Glutamate
GLS_SLC1A7|GRIK2	GLS_SLC1A7	GRIK2	Non-protein Signaling	Glutamate
GLS_SLC1A7|GRIK2_GRIK4	GLS_SLC1A7	GRIK2_GRIK4	Non-protein Signaling	Glutamate
GLS_SLC1A7|GRIK3	GLS_SLC1A7	GRIK3	Non-protein Signaling	Glutamate
GLS_SLC1A7|GRIK3_GRIK4	GLS_SLC1A7	GRIK3_GRIK4	Non-protein Signaling	Glutamate
GLS_SLC1A7|GRIK3_GRIK5	GLS_SLC1A7	GRIK3_GRIK5	Non-protein Signaling	Glutamate
GLS_SLC1A7|GRIK5_GRIK1	GLS_SLC1A7	GRIK5_GRIK1	Non-protein Signaling	Glutamate
GLS_SLC1A7|GRIK5_GRIK2	GLS_SLC1A7	GRIK5_GRIK2	Non-protein Signaling	Glutamate
GLS_SLC1A7|GRIN1_GRIN2A	GLS_SLC1A7	GRIN1_GRIN2A	Non-protein Signaling	Glutamate
GLS_SLC1A7|GRIN1_GRIN2B	GLS_SLC1A7	GRIN1_GRIN2B	Non-protein Signaling	Glutamate
GLS_SLC1A7|GRIN1_GRIN2D	GLS_SLC1A7	GRIN1_GRIN2D	Non-protein Signaling	Glutamate
GLS_SLC1A7|GRIN2C_GRIN1	GLS_SLC1A7	GRIN2C_GRIN1	Non-protein Signaling	Glutamate
GLS_SLC1A7|GRM1	GLS_SLC1A7	GRM1	Non-protein Signaling	Glutamate
GLS_SLC1A7|GRM2	GLS_SLC1A7	GRM2	Non-protein Signaling	Glutamate
GLS_SLC1A7|GRM3	GLS_SLC1A7	GRM3	Non-protein Signaling	Glutamate
GLS_SLC1A7|GRM4	GLS_SLC1A7	GRM4	Non-protein Signaling	Glutamate
GLS_SLC1A7|GRM5	GLS_SLC1A7	GRM5	Non-protein Signaling	Glutamate
GLS_SLC1A7|GRM6	GLS_SLC1A7	GRM6	Non-protein Signaling	Glutamate
GLS_SLC1A7|GRM7	GLS_SLC1A7	GRM7	Non-protein Signaling	Glutamate
GLS_SLC1A7|GRM8	GLS_SLC1A7	GRM8	Non-protein Signaling	Glutamate
HBEGF|ERBB2_EGFR	HBEGF	ERBB2_EGFR	Secreted	EGF
HBEGF|ERBB2_ERBB4	HBEGF	ERBB2_ERBB4	Secreted	EGF
HBEGF|ERBB4	HBEGF	ERBB4	Secreted	EGF
HCRT|HCRTR1	HCRT	HCRTR1	Secreted	HCRT
HCRT|HCRTR2	HCRT	HCRTR2	Secreted	HCRT
HDC|HRH1	HDC	HRH1	Non-protein Signaling	Histamine
HDC|HRH2	HDC	HRH2	Non-protein Signaling	Histamine
HDC|HRH3	HDC	HRH3	Non-protein Signaling	Histamine
HSD17B1|GPER1	HSD17B1	GPER1	Non-protein Signaling	Estradiol
HSPG2|DAG1	HSPG2	DAG1	ECM-Receptor	HSPG
IBSP|ITGAV_ITGB3	IBSP	ITGAV_ITGB3	ECM-Receptor	BSP
IGF1|ITGAV_ITGB3	IGF1	ITGAV_ITGB3	Secreted	IGF
IGF2|ITGAV_ITGB3	IGF2	ITGAV_ITGB3	Secreted	IGF
ITGAV_ITGB3|ADGRA2	ITGAV_ITGB3	ADGRA2	Cell-Cell Contact	ADGRA
ITGAV_ITGB3|ADGRE2	ITGAV_ITGB3	ADGRE2	Cell-Cell Contact	ADGRE
ITGAV_ITGB3|ADGRE5	ITGAV_ITGB3	ADGRE5	Cell-Cell Contact	ADGRE
L1CAM|ITGAV_ITGB3	L1CAM	ITGAV_ITGB3	Cell-Cell Contact	L1CAM
LAMA1|DAG1	LAMA1	DAG1	ECM-Receptor	LAMININ
LAMA1|SV2A	LAMA1	SV2A	ECM-Receptor	LAMININ
LAMA1|SV2B	LAMA1	SV2B	ECM-Receptor	LAMININ
LAMA1|SV2C	LAMA1	SV2C	ECM-Receptor	LAMININ
LAMA2|DAG1	LAMA2	DAG1	ECM-Receptor	LAMININ
LAMA2|SV2A	LAMA2	SV2A	ECM-Receptor	LAMININ
LAMA2|SV2B	LAMA2	SV2B	ECM-Receptor	LAMININ
LAMA2|SV2C	LAMA2	SV2C	ECM-Receptor	LAMININ
LAMA3|DAG1	LAMA3	DAG1	ECM-Receptor	LAMININ
LAMA3|SV2A	LAMA3	SV2A	ECM-Receptor	LAMININ
LAMA3|SV2B	LAMA3	SV2B	ECM-Receptor	LAMININ
LAMA3|SV2C	LAMA3	SV2C	ECM-Receptor	LAMININ
LAMA4|DAG1	LAMA4	DAG1	ECM-Receptor	LAMININ
LAMA4|SV2A	LAMA4	SV2A	ECM-Receptor	LAMININ
LAMA4|SV2B	LAMA4	SV2B	ECM-Receptor	LAMININ
LAMA4|SV2C	LAMA4	SV2C	ECM-Receptor	LAMININ
LAMA5|DAG1	LAMA5	DAG1	ECM-Receptor	LAMININ
LAMA5|SV2A	LAMA5	SV2A	ECM-Receptor	LAMININ
LAMA5|SV2B	LAMA5	SV2B	ECM-Receptor	LAMININ
LAMA5|SV2C	LAMA5	SV2C	ECM-Receptor	LAMININ
LAMB1|DAG1	LAMB1	DAG1	ECM-Receptor	LAMININ
LAMB1|SV2A	LAMB1	SV2A	ECM-Receptor	LAMININ
LAMB1|SV2B	LAMB1	SV2B	ECM-Receptor	LAMININ
LAMB1|SV2C	LAMB1	SV2C	ECM-Receptor	LAMININ
LAMB2|DAG1	LAMB2	DAG1	ECM-Receptor	LAMININ
LAMB2|SV2A	LAMB2	SV2A	ECM-Receptor	LAMININ
LAMB2|SV2B	LAMB2	SV2B	ECM-Receptor	LAMININ
LAMB2|SV2C	LAMB2	SV2C	ECM-Receptor	LAMININ
LAMB3|DAG1	LAMB3	DAG1	ECM-Receptor	LAMININ
LAMB3|SV2A	LAMB3	SV2A	ECM-Receptor	LAMININ
LAMB3|SV2B	LAMB3	SV2B	ECM-Receptor	LAMININ
LAMB3|SV2C	LAMB3	SV2C	ECM-Receptor	LAMININ
LAMC1|DAG1	LAMC1	DAG1	ECM-Receptor	LAMININ
LAMC1|SV2A	LAMC1	SV2A	ECM-Receptor	LAMININ
LAMC1|SV2B	LAMC1	SV2B	ECM-Receptor	LAMININ
LAMC1|SV2C	LAMC1	SV2C	ECM-Receptor	LAMININ
LAMC2|DAG1	LAMC2	DAG1	ECM-Receptor	LAMININ
LAMC2|SV2A	LAMC2	SV2A	ECM-Receptor	LAMININ
LAMC2|SV2B	LAMC2	SV2B	ECM-Receptor	LAMININ
LAMC2|SV2C	LAMC2	SV2C	ECM-Receptor	LAMININ
LAMC3|DAG1	LAMC3	DAG1	ECM-Receptor	LAMININ
LAMC3|SV2A	LAMC3	SV2A	ECM-Receptor	LAMININ
LAMC3|SV2B	LAMC3	SV2B	ECM-Receptor	LAMININ
LAMC3|SV2C	LAMC3	SV2C	ECM-Receptor	LAMININ
LPAR1|ADGRE5	LPAR1	ADGRE5	Cell-Cell Contact	ADGRE
MMP2|ITGAV_ITGB3_MMP14	MMP2	ITGAV_ITGB3_MMP14	Cell-Cell Contact	MMP
NRG1|ERBB2_ERBB4	NRG1	ERBB2_ERBB4	Secreted	NRG
NRG1|ERBB3	NRG1	ERBB3	Secreted	NRG
NRG1|ERBB3_ERBB2	NRG1	ERBB3_ERBB2	Secreted	NRG
NRG1|ERBB4	NRG1	ERBB4	Secreted	NRG
NRG1|ITGA6_ITGB4	NRG1	ITGA6_ITGB4	Secreted	NRG
NRG1|ITGAV_ITGB3	NRG1	ITGAV_ITGB3	Secreted	NRG
NRG2|ERBB2_ERBB4	NRG2	ERBB2_ERBB4	Secreted	NRG
NRG2|ERBB3_ERBB2	NRG2	ERBB3_ERBB2	Secreted	NRG
NRG2|ERBB4	NRG2	ERBB4	Secreted	NRG
NRG3|ERBB2_ERBB4	NRG3	ERBB2_ERBB4	Secreted	NRG
NRG3|ERBB4	NRG3	ERBB4	Secreted	NRG
NRG4|ERBB2_ERBB4	NRG4	ERBB2_ERBB4	Secreted	NRG
NRG4|ERBB4	NRG4	ERBB4	Secreted	NRG
NRXN1|ADGRL1	NRXN1	ADGRL1	Cell-Cell Contact	ADGRL
NRXN1|CLSTN1	NRXN1	CLSTN1	Cell-Cell Contact	NRXN
NRXN1|CLSTN2	NRXN1	CLSTN2	Cell-Cell Contact	NRXN
NRXN1|CLSTN3	NRXN1	CLSTN3	Cell-Cell Contact	NRXN
NRXN1|DAG1	NRXN1	DAG1	Cell-Cell Contact	NRXN
NRXN1|LRRTM1	NRXN1	LRRTM1	Cell-Cell Contact	NRXN
NRXN1|LRRTM2	NRXN1	LRRTM2	Cell-Cell Contact	NRXN
NRXN1|LRRTM3	NRXN1	LRRTM3	Cell-Cell Contact	NRXN
NRXN1|LRRTM4	NRXN1	LRRTM4	Cell-Cell Contact	NRXN
NRXN1|NLGN1	NRXN1	NLGN1	Cell-Cell Contact	NRXN
NRXN1|NLGN2	NRXN1	NLGN2	Cell-Cell Contact	NRXN
NRXN1|NLGN3	NRXN1	NLGN3	Cell-Cell Contact	NRXN
NRXN1_CBLN1|GRID2	NRXN1_CBLN1	GRID2	Non-protein Signaling	Glutamate
NRXN2|ADGRL1	NRXN2	ADGRL1	Cell-Cell Contact	ADGRL
NRXN2|CLSTN1	NRXN2	CLSTN1	Cell-Cell Contact	NRXN
NRXN2|CLSTN2	NRXN2	CLSTN2	Cell-Cell Contact	NRXN
NRXN2|CLSTN3	NRXN2	CLSTN3	Cell-Cell Contact	NRXN
NRXN2|DAG1	NRXN2	DAG1	Cell-Cell Contact	NRXN
NRXN2|LRRTM1	NRXN2	LRRTM1	Cell-Cell Contact	NRXN
NRXN2|LRRTM2	NRXN2	LRRTM2	Cell-Cell Contact	NRXN
NRXN2|LRRTM3	NRXN2	LRRTM3	Cell-Cell Contact	NRXN
NRXN2|LRRTM4	NRXN2	LRRTM4	Cell-Cell Contact	NRXN
NRXN2|NLGN1	NRXN2	NLGN1	Cell-Cell Contact	NRXN
NRXN2|NLGN2	NRXN2	NLGN2	Cell-Cell Contact	NRXN
NRXN2|NLGN3	NRXN2	NLGN3	Cell-Cell Contact	NRXN
NRXN3|ADGRL1	NRXN3	ADGRL1	Cell-Cell Contact	ADGRL
NRXN3|CLSTN1	NRXN3	CLSTN1	Cell-Cell Contact	NRXN
NRXN3|CLSTN2	NRXN3	CLSTN2	Cell-Cell Contact	NRXN
NRXN3|CLSTN3	NRXN3	CLSTN3	Cell-Cell Contact	NRXN
NRXN3|LRRTM1	NRXN3	LRRTM1	Cell-Cell Contact	NRXN
NRXN3|LRRTM2	NRXN3	LRRTM2	Cell-Cell Contact	NRXN
NRXN3|LRRTM3	NRXN3	LRRTM3	Cell-Cell Contact	NRXN
NRXN3|LRRTM4	NRXN3	LRRTM4	Cell-Cell Contact	NRXN
NRXN3|NLGN1	NRXN3	NLGN1	Cell-Cell Contact	NRXN
NRXN3|NLGN2	NRXN3	NLGN2	Cell-Cell Contact	NRXN
NRXN3|NLGN3	NRXN3	NLGN3	Cell-Cell Contact	NRXN
NT5E_SLC29A1|ADORA1	NT5E_SLC29A1	ADORA1	Non-protein Signaling	Adenosine
NT5E_SLC29A1|ADORA2A	NT5E_SLC29A1	ADORA2A	Non-protein Signaling	Adenosine
NT5E_SLC29A1|ADORA2B	NT5E_SLC29A1	ADORA2B	Non-protein Signaling	Adenosine
NT5E_SLC29A1|ADORA3	NT5E_SLC29A1	ADORA3	Non-protein Signaling	Adenosine
NT5E_SLC29A2|ADORA1	NT5E_SLC29A2	ADORA1	Non-protein Signaling	Adenosine
NT5E_SLC29A2|ADORA2A	NT5E_SLC29A2	ADORA2A	Non-protein Signaling	Adenosine
NT5E_SLC29A2|ADORA2B	NT5E_SLC29A2	ADORA2B	Non-protein Signaling	Adenosine
NT5E_SLC29A2|ADORA3	NT5E_SLC29A2	ADORA3	Non-protein Signaling	Adenosine
NT5E_SLC29A3|ADORA1	NT5E_SLC29A3	ADORA1	Non-protein Signaling	Adenosine
NT5E_SLC29A3|ADORA2A	NT5E_SLC29A3	ADORA2A	Non-protein Signaling	Adenosine
NT5E_SLC29A3|ADORA2B	NT5E_SLC29A3	ADORA2B	Non-protein Signaling	Adenosine
NT5E_SLC29A3|ADORA3	NT5E_SLC29A3	ADORA3	Non-protein Signaling	Adenosine
PDYN|OPRD1	PDYN	OPRD1	Secreted	OPIOID
PDYN|OPRK1	PDYN	OPRK1	Secreted	OPIOID
PDYN|OPRL1	PDYN	OPRL1	Secreted	OPIOID
PDYN|OPRM1	PDYN	OPRM1	Secreted	OPIOID
PENK|OPRD1	PENK	OPRD1	Secreted	OPIOID
PENK|OPRK1	PENK	OPRK1	Secreted	OPIOID
PMCH|MCHR1	PMCH	MCHR1	Secreted	PMCH
PMCH|MERTK	PMCH	MERTK	Secreted	PMCH
PNOC|OPRL1	PNOC	OPRL1	Non-protein Signaling	OPIOID
POMC|OPRD1	POMC	OPRD1	Non-protein Signaling	OPIOID
POMC|OPRK1	POMC	OPRK1	Non-protein Signaling	OPIOID
POSTN|ITGAV_ITGB3	POSTN	ITGAV_ITGB3	Secreted	PERIOSTIN
PROC|PROCR_HSP90AA1	PROC	PROCR_HSP90AA1	Secreted	PROCR
PTH|PTH2R	PTH	PTH2R	Secreted	PTH
PTH2|PTH2R	PTH2	PTH2R	Secreted	PTH
PTN|ITGAV_ITGB3	PTN	ITGAV_ITGB3	Secreted	PTN
SHMT1_SLC6A9|GLRA1_GLRB	SHMT1_SLC6A9	GLRA1_GLRB	Non-protein Signaling	Glycine
SHMT1_SLC6A9|GLRA2	SHMT1_SLC6A9	GLRA2	Non-protein Signaling	Glycine
SHMT2_SLC6A9|GLRA1_GLRB	SHMT2_SLC6A9	GLRA1_GLRB	Non-protein Signaling	Glycine
SHMT2_SLC6A9|GLRA2	SHMT2_SLC6A9	GLRA2	Non-protein Signaling	Glycine
SLC10A4_CHAT|CHRM1	SLC10A4_CHAT	CHRM1	Non-protein Signaling	Ach
SLC10A4_CHAT|CHRM2	SLC10A4_CHAT	CHRM2	Non-protein Signaling	Ach
SLC10A4_CHAT|CHRM3	SLC10A4_CHAT	CHRM3	Non-protein Signaling	Ach
SLC10A4_CHAT|CHRM4	SLC10A4_CHAT	CHRM4	Non-protein Signaling	Ach
SLC10A4_CHAT|CHRM5	SLC10A4_CHAT	CHRM5	Non-protein Signaling	Ach
SLC10A4_CHAT|CHRNA1_CHRNB1_CHRND_CHRNE	SLC10A4_CHAT	CHRNA1_CHRNB1_CHRND_CHRNE	Non-protein Signaling	Ach
SLC10A4_CHAT|CHRNA1_CHRNB1_CHRND_CHRNG	SLC10A4_CHAT	CHRNA1_CHRNB1_CHRND_CHRNG	Non-protein Signaling	Ach
SLC10A4_CHAT|CHRNA3_CHRNB4	SLC10A4_CHAT	CHRNA3_CHRNB4	Non-protein Signaling	Ach
SLC10A4_CHAT|CHRNA4_CHRNB2	SLC10A4_CHAT	CHRNA4_CHRNB2	Non-protein Signaling	Ach
SLC10A4_CHAT|CHRNA7	SLC10A4_CHAT	CHRNA7	Non-protein Signaling	Ach
SLC17A6_GLS|GRIA1	SLC17A6_GLS	GRIA1	Non-protein Signaling	Glutamate
SLC17A6_GLS|GRIA2	SLC17A6_GLS	GRIA2	Non-protein Signaling	Glutamate
SLC17A6_GLS|GRIA3	SLC17A6_GLS	GRIA3	Non-protein Signaling	Glutamate
SLC17A6_GLS|GRIA4	SLC17A6_GLS	GRIA4	Non-protein Signaling	Glutamate
SLC17A6_GLS|GRIK1	SLC17A6_GLS	GRIK1	Non-protein Signaling	Glutamate
SLC17A6_GLS|GRIK1_GRIK4	SLC17A6_GLS	GRIK1_GRIK4	Non-protein Signaling	Glutamate
SLC17A6_GLS|GRIK2	SLC17A6_GLS	GRIK2	Non-protein Signaling	Glutamate
SLC17A6_GLS|GRIK2_GRIK4	SLC17A6_GLS	GRIK2_GRIK4	Non-protein Signaling	Glutamate
SLC17A6_GLS|GRIK3	SLC17A6_GLS	GRIK3	Non-protein Signaling	Glutamate
SLC17A6_GLS|GRIK3_GRIK4	SLC17A6_GLS	GRIK3_GRIK4	Non-protein Signaling	Glutamate
SLC17A6_GLS|GRIK3_GRIK5	SLC17A6_GLS	GRIK3_GRIK5	Non-protein Signaling	Glutamate
SLC17A6_GLS|GRIK5_GRIK1	SLC17A6_GLS	GRIK5_GRIK1	Non-protein Signaling	Glutamate
SLC17A6_GLS|GRIK5_GRIK2	SLC17A6_GLS	GRIK5_GRIK2	Non-protein Signaling	Glutamate
SLC17A6_GLS|GRIN1_GRIN2A	SLC17A6_GLS	GRIN1_GRIN2A	Non-protein Signaling	Glutamate
SLC17A6_GLS|GRIN1_GRIN2B	SLC17A6_GLS	GRIN1_GRIN2B	Non-protein Signaling	Glutamate
SLC17A6_GLS|GRIN1_GRIN2D	SLC17A6_GLS	GRIN1_GRIN2D	Non-protein Signaling	Glutamate
SLC17A6_GLS|GRIN2C_GRIN1	SLC17A6_GLS	GRIN2C_GRIN1	Non-protein Signaling	Glutamate
SLC17A6_GLS|GRM1	SLC17A6_GLS	GRM1	Non-protein Signaling	Glutamate
SLC17A6_GLS|GRM2	SLC17A6_GLS	GRM2	Non-protein Signaling	Glutamate
SLC17A6_GLS|GRM3	SLC17A6_GLS	GRM3	Non-protein Signaling	Glutamate
SLC17A6_GLS|GRM4	SLC17A6_GLS	GRM4	Non-protein Signaling	Glutamate
SLC17A6_GLS|GRM5	SLC17A6_GLS	GRM5	Non-protein Signaling	Glutamate
SLC17A6_GLS|GRM6	SLC17A6_GLS	GRM6	Non-protein Signaling	Glutamate
SLC17A6_GLS|GRM7	SLC17A6_GLS	GRM7	Non-protein Signaling	Glutamate
SLC17A6_GLS|GRM8	SLC17A6_GLS	GRM8	Non-protein Signaling	Glutamate
SLC17A6_GLS2|GRIA1	SLC17A6_GLS2	GRIA1	Non-protein Signaling	Glutamate
SLC17A6_GLS2|GRIA2	SLC17A6_GLS2	GRIA2	Non-protein Signaling	Glutamate
SLC17A6_GLS2|GRIA3	SLC17A6_GLS2	GRIA3	Non-protein Signaling	Glutamate
SLC17A6_GLS2|GRIA4	SLC17A6_GLS2	GRIA4	Non-protein Signaling	Glutamate
SLC17A6_GLS2|GRIK1	SLC17A6_GLS2	GRIK1	Non-protein Signaling	Glutamate
SLC17A6_GLS2|GRIK1_GRIK4	SLC17A6_GLS2	GRIK1_GRIK4	Non-protein Signaling	Glutamate
SLC17A6_GLS2|GRIK2	SLC17A6_GLS2	GRIK2	Non-protein Signaling	Glutamate
SLC17A6_GLS2|GRIK2_GRIK4	SLC17A6_GLS2	GRIK2_GRIK4	Non-protein Signaling	Glutamate
SLC17A6_GLS2|GRIK3	SLC17A6_GLS2	GRIK3	Non-protein Signaling	Glutamate
SLC17A6_GLS2|GRIK3_GRIK4	SLC17A6_GLS2	GRIK3_GRIK4	Non-protein Signaling	Glutamate
SLC17A6_GLS2|GRIK3_GRIK5	SLC17A6_GLS2	GRIK3_GRIK5	Non-protein Signaling	Glutamate
SLC17A6_GLS2|GRIK5_GRIK1	SLC17A6_GLS2	GRIK5_GRIK1	Non-protein Signaling	Glutamate
SLC17A6_GLS2|GRIK5_GRIK2	SLC17A6_GLS2	GRIK5_GRIK2	Non-protein Signaling	Glutamate
SLC17A6_GLS2|GRIN1_GRIN2A	SLC17A6_GLS2	GRIN1_GRIN2A	Non-protein Signaling	Glutamate
SLC17A6_GLS2|GRIN1_GRIN2B	SLC17A6_GLS2	GRIN1_GRIN2B	Non-protein Signaling	Glutamate
SLC17A6_GLS2|GRIN1_GRIN2D	SLC17A6_GLS2	GRIN1_GRIN2D	Non-protein Signaling	Glutamate
SLC17A6_GLS2|GRIN2C_GRIN1	SLC17A6_GLS2	GRIN2C_GRIN1	Non-protein Signaling	Glutamate
SLC17A6_GLS2|GRM1	SLC17A6_GLS2	GRM1	Non-protein Signaling	Glutamate
SLC17A6_GLS2|GRM2	SLC17A6_GLS2	GRM2	Non-protein Signaling	Glutamate
SLC17A6_GLS2|GRM3	SLC17A6_GLS2	GRM3	Non-protein Signaling	Glutamate
SLC17A6_GLS2|GRM4	SLC17A6_GLS2	GRM4	Non-protein Signaling	Glutamate
SLC17A6_GLS2|GRM5	SLC17A6_GLS2	GRM5	Non-protein Signaling	Glutamate
SLC17A6_GLS2|GRM6	SLC17A6_GLS2	GRM6	Non-protein Signaling	Glutamate
SLC17A6_GLS2|GRM7	SLC17A6_GLS2	GRM7	Non-protein Signaling	Glutamate
SLC17A6_GLS2|GRM8	SLC17A6_GLS2	GRM8	Non-protein Signaling	Glutamate
SLC17A7_GLS|GRIA1	SLC17A7_GLS	GRIA1	Non-protein Signaling	Glutamate
SLC17A7_GLS|GRIA2	SLC17A7_GLS	GRIA2	Non-protein Signaling	Glutamate
SLC17A7_GLS|GRIA3	SLC17A7_GLS	GRIA3	Non-protein Signaling	Glutamate
SLC17A7_GLS|GRIA4	SLC17A7_GLS	GRIA4	Non-protein Signaling	Glutamate
SLC17A7_GLS|GRIK1	SLC17A7_GLS	GRIK1	Non-protein Signaling	Glutamate
SLC17A7_GLS|GRIK1_GRIK4	SLC17A7_GLS	GRIK1_GRIK4	Non-protein Signaling	Glutamate
SLC17A7_GLS|GRIK2	SLC17A7_GLS	GRIK2	Non-protein Signaling	Glutamate
SLC17A7_GLS|GRIK2_GRIK4	SLC17A7_GLS	GRIK2_GRIK4	Non-protein Signaling	Glutamate
SLC17A7_GLS|GRIK3	SLC17A7_GLS	GRIK3	Non-protein Signaling	Glutamate
SLC17A7_GLS|GRIK3_GRIK4	SLC17A7_GLS	GRIK3_GRIK4	Non-protein Signaling	Glutamate
SLC17A7_GLS|GRIK3_GRIK5	SLC17A7_GLS	GRIK3_GRIK5	Non-protein Signaling	Glutamate
SLC17A7_GLS|GRIK5_GRIK1	SLC17A7_GLS	GRIK5_GRIK1	Non-protein Signaling	Glutamate
SLC17A7_GLS|GRIK5_GRIK2	SLC17A7_GLS	GRIK5_GRIK2	Non-protein Signaling	Glutamate
SLC17A7_GLS|GRIN1_GRIN2A	SLC17A7_GLS	GRIN1_GRIN2A	Non-protein Signaling	Glutamate
SLC17A7_GLS|GRIN1_GRIN2B	SLC17A7_GLS	GRIN1_GRIN2B	Non-protein Signaling	Glutamate
SLC17A7_GLS|GRIN1_GRIN2D	SLC17A7_GLS	GRIN1_GRIN2D	Non-protein Signaling	Glutamate
SLC17A7_GLS|GRIN2C_GRIN1	SLC17A7_GLS	GRIN2C_GRIN1	Non-protein Signaling	Glutamate
SLC17A7_GLS|GRM1	SLC17A7_GLS	GRM1	Non-protein Signaling	Glutamate
SLC17A7_GLS|GRM2	SLC17A7_GLS	GRM2	Non-protein Signaling	Glutamate
SLC17A7_GLS|GRM3	SLC17A7_GLS	GRM3	Non-protein Signaling	Glutamate
SLC17A7_GLS|GRM4	SLC17A7_GLS	GRM4	Non-protein Signaling	Glutamate
SLC17A7_GLS|GRM5	SLC17A7_GLS	GRM5	Non-protein Signaling	Glutamate
SLC17A7_GLS|GRM6	SLC17A7_GLS	GRM6	Non-protein Signaling	Glutamate
SLC17A7_GLS|GRM7	SLC17A7_GLS	GRM7	Non-protein Signaling	Glutamate
SLC17A7_GLS|GRM8	SLC17A7_GLS	GRM8	Non-protein Signaling	Glutamate
SLC17A7_GLS2|GRIA1	SLC17A7_GLS2	GRIA1	Non-protein Signaling	Glutamate
SLC17A7_GLS2|GRIA2	SLC17A7_GLS2	GRIA2	Non-protein Signaling	Glutamate
SLC17A7_GLS2|GRIA3	SLC17A7_GLS2	GRIA3	Non-protein Signaling	Glutamate
SLC17A7_GLS2|GRIA4	SLC17A7_GLS2	GRIA4	Non-protein Signaling	Glutamate
SLC17A7_GLS2|GRIK1	SLC17A7_GLS2	GRIK1	Non-protein Signaling	Glutamate
SLC17A7_GLS2|GRIK1_GRIK4	SLC17A7_GLS2	GRIK1_GRIK4	Non-protein Signaling	Glutamate
SLC17A7_GLS2|GRIK2	SLC17A7_GLS2	GRIK2	Non-protein Signaling	Glutamate
SLC17A7_GLS2|GRIK2_GRIK4	SLC17A7_GLS2	GRIK2_GRIK4	Non-protein Signaling	Glutamate
SLC17A7_GLS2|GRIK3	SLC17A7_GLS2	GRIK3	Non-protein Signaling	Glutamate
SLC17A7_GLS2|GRIK3_GRIK4	SLC17A7_GLS2	GRIK3_GRIK4	Non-protein Signaling	Glutamate
SLC17A7_GLS2|GRIK3_GRIK5	SLC17A7_GLS2	GRIK3_GRIK5	Non-protein Signaling	Glutamate
SLC17A7_GLS2|GRIK5_GRIK1	SLC17A7_GLS2	GRIK5_GRIK1	Non-protein Signaling	Glutamate
SLC17A7_GLS2|GRIK5_GRIK2	SLC17A7_GLS2	GRIK5_GRIK2	Non-protein Signaling	Glutamate
SLC17A7_GLS2|GRIN1_GRIN2A	SLC17A7_GLS2	GRIN1_GRIN2A	Non-protein Signaling	Glutamate
SLC17A7_GLS2|GRIN1_GRIN2B	SLC17A7_GLS2	GRIN1_GRIN2B	Non-protein Signaling	Glutamate
SLC17A7_GLS2|GRIN1_GRIN2D	SLC17A7_GLS2	GRIN1_GRIN2D	Non-protein Signaling	Glutamate
SLC17A7_GLS2|GRIN2C_GRIN1	SLC17A7_GLS2	GRIN2C_GRIN1	Non-protein Signaling	Glutamate
SLC17A7_GLS2|GRM1	SLC17A7_GLS2	GRM1	Non-protein Signaling	Glutamate
SLC17A7_GLS2|GRM2	SLC17A7_GLS2	GRM2	Non-protein Signaling	Glutamate
SLC17A7_GLS2|GRM3	SLC17A7_GLS2	GRM3	Non-protein Signaling	Glutamate
SLC17A7_GLS2|GRM4	SLC17A7_GLS2	GRM4	Non-protein Signaling	Glutamate
SLC17A7_GLS2|GRM5	SLC17A7_GLS2	GRM5	Non-protein Signaling	Glutamate
SLC17A7_GLS2|GRM6	SLC17A7_GLS2	GRM6	Non-protein Signaling	Glutamate
SLC17A7_GLS2|GRM7	SLC17A7_GLS2	GRM7	Non-protein Signaling	Glutamate
SLC17A7_GLS2|GRM8	SLC17A7_GLS2	GRM8	Non-protein Signaling	Glutamate
SLC17A8_GLS|GRIA1	SLC17A8_GLS	GRIA1	Non-protein Signaling	Glutamate
SLC17A8_GLS|GRIA2	SLC17A8_GLS	GRIA2	Non-protein Signaling	Glutamate
SLC17A8_GLS|GRIA3	SLC17A8_GLS	GRIA3	Non-protein Signaling	Glutamate
SLC17A8_GLS|GRIA4	SLC17A8_GLS	GRIA4	Non-protein Signaling	Glutamate
SLC17A8_GLS|GRIK1	SLC17A8_GLS	GRIK1	Non-protein Signaling	Glutamate
SLC17A8_GLS|GRIK1_GRIK4	SLC17A8_GLS	GRIK1_GRIK4	Non-protein Signaling	Glutamate
SLC17A8_GLS|GRIK2	SLC17A8_GLS	GRIK2	Non-protein Signaling	Glutamate
SLC17A8_GLS|GRIK2_GRIK4	SLC17A8_GLS	GRIK2_GRIK4	Non-protein Signaling	Glutamate
SLC17A8_GLS|GRIK3	SLC17A8_GLS	GRIK3	Non-protein Signaling	Glutamate
SLC17A8_GLS|GRIK3_GRIK4	SLC17A8_GLS	GRIK3_GRIK4	Non-protein Signaling	Glutamate
SLC17A8_GLS|GRIK3_GRIK5	SLC17A8_GLS	GRIK3_GRIK5	Non-protein Signaling	Glutamate
SLC17A8_GLS|GRIK5_GRIK1	SLC17A8_GLS	GRIK5_GRIK1	Non-protein Signaling	Glutamate
SLC17A8_GLS|GRIK5_GRIK2	SLC17A8_GLS	GRIK5_GRIK2	Non-protein Signaling	Glutamate
SLC17A8_GLS|GRIN1_GRIN2A	SLC17A8_GLS	GRIN1_GRIN2A	Non-protein Signaling	Glutamate
SLC17A8_GLS|GRIN1_GRIN2B	SLC17A8_GLS	GRIN1_GRIN2B	Non-protein Signaling	Glutamate
SLC17A8_GLS|GRIN1_GRIN2D	SLC17A8_GLS	GRIN1_GRIN2D	Non-protein Signaling	Glutamate
SLC17A8_GLS|GRIN2C_GRIN1	SLC17A8_GLS	GRIN2C_GRIN1	Non-protein Signaling	Glutamate
SLC17A8_GLS|GRM1	SLC17A8_GLS	GRM1	Non-protein Signaling	Glutamate
SLC17A8_GLS|GRM2	SLC17A8_GLS	GRM2	Non-protein Signaling	Glutamate
SLC17A8_GLS|GRM3	SLC17A8_GLS	GRM3	Non-protein Signaling	Glutamate
SLC17A8_GLS|GRM4	SLC17A8_GLS	GRM4	Non-protein Signaling	Glutamate
SLC17A8_GLS|GRM5	SLC17A8_GLS	GRM5	Non-protein Signaling	Glutamate
SLC17A8_GLS|GRM6	SLC17A8_GLS	GRM6	Non-protein Signaling	Glutamate
SLC17A8_GLS|GRM7	SLC17A8_GLS	GRM7	Non-protein Signaling	Glutamate
SLC17A8_GLS|GRM8	SLC17A8_GLS	GRM8	Non-protein Signaling	Glutamate
SLC17A8_GLS2|GRIA1	SLC17A8_GLS2	GRIA1	Non-protein Signaling	Glutamate
SLC17A8_GLS2|GRIA2	SLC17A8_GLS2	GRIA2	Non-protein Signaling	Glutamate
SLC17A8_GLS2|GRIA3	SLC17A8_GLS2	GRIA3	Non-protein Signaling	Glutamate
SLC17A8_GLS2|GRIA4	SLC17A8_GLS2	GRIA4	Non-protein Signaling	Glutamate
SLC17A8_GLS2|GRIK1	SLC17A8_GLS2	GRIK1	Non-protein Signaling	Glutamate
SLC17A8_GLS2|GRIK1_GRIK4	SLC17A8_GLS2	GRIK1_GRIK4	Non-protein Signaling	Glutamate
SLC17A8_GLS2|GRIK2	SLC17A8_GLS2	GRIK2	Non-protein Signaling	Glutamate
SLC17A8_GLS2|GRIK2_GRIK4	SLC17A8_GLS2	GRIK2_GRIK4	Non-protein Signaling	Glutamate
SLC17A8_GLS2|GRIK3	SLC17A8_GLS2	GRIK3	Non-protein Signaling	Glutamate
SLC17A8_GLS2|GRIK3_GRIK4	SLC17A8_GLS2	GRIK3_GRIK4	Non-protein Signaling	Glutamate
SLC17A8_GLS2|GRIK3_GRIK5	SLC17A8_GLS2	GRIK3_GRIK5	Non-protein Signaling	Glutamate
SLC17A8_GLS2|GRIK5_GRIK1	SLC17A8_GLS2	GRIK5_GRIK1	Non-protein Signaling	Glutamate
SLC17A8_GLS2|GRIK5_GRIK2	SLC17A8_GLS2	GRIK5_GRIK2	Non-protein Signaling	Glutamate
SLC17A8_GLS2|GRIN1_GRIN2A	SLC17A8_GLS2	GRIN1_GRIN2A	Non-protein Signaling	Glutamate
SLC17A8_GLS2|GRIN1_GRIN2B	SLC17A8_GLS2	GRIN1_GRIN2B	Non-protein Signaling	Glutamate
SLC17A8_GLS2|GRIN1_GRIN2D	SLC17A8_GLS2	GRIN1_GRIN2D	Non-protein Signaling	Glutamate
SLC17A8_GLS2|GRIN2C_GRIN1	SLC17A8_GLS2	GRIN2C_GRIN1	Non-protein Signaling	Glutamate
SLC17A8_GLS2|GRM1	SLC17A8_GLS2	GRM1	Non-protein Signaling	Glutamate
SLC17A8_GLS2|GRM2	SLC17A8_GLS2	GRM2	Non-protein Signaling	Glutamate
SLC17A8_GLS2|GRM3	SLC17A8_GLS2	GRM3	Non-protein Signaling	Glutamate
SLC17A8_GLS2|GRM4	SLC17A8_GLS2	GRM4	Non-protein Signaling	Glutamate
SLC17A8_GLS2|GRM5	SLC17A8_GLS2	GRM5	Non-protein Signaling	Glutamate
SLC17A8_GLS2|GRM6	SLC17A8_GLS2	GRM6	Non-protein Signaling	Glutamate
SLC17A8_GLS2|GRM7	SLC17A8_GLS2	GRM7	Non-protein Signaling	Glutamate
SLC17A8_GLS2|GRM8	SLC17A8_GLS2	GRM8	Non-protein Signaling	Glutamate
SLC18A1_DBH|ADRA1A	SLC18A1_DBH	ADRA1A	Non-protein Signaling	Noradrenaline
SLC18A1_DBH|ADRA1B	SLC18A1_DBH	ADRA1B	Non-protein Signaling	Noradrenaline
SLC18A1_DBH|ADRA1D	SLC18A1_DBH	ADRA1D	Non-protein Signaling	Noradrenaline
SLC18A1_DBH|ADRA2A	SLC18A1_DBH	ADRA2A	Non-protein Signaling	Noradrenaline
SLC18A1_DBH|ADRA2B	SLC18A1_DBH	ADRA2B	Non-protein Signaling	Noradrenaline
SLC18A1_DBH|ADRA2C	SLC18A1_DBH	ADRA2C	Non-protein Signaling	Noradrenaline
SLC18A1_DBH|ADRB1	SLC18A1_DBH	ADRB1	Non-protein Signaling	Noradrenaline
SLC18A1_DBH|ADRB2	SLC18A1_DBH	ADRB2	Non-protein Signaling	Noradrenaline
SLC18A1_DBH|ADRB3	SLC18A1_DBH	ADRB3	Non-protein Signaling	Noradrenaline
SLC18A1_DDC|DRD1	SLC18A1_DDC	DRD1	Non-protein Signaling	Dopamine
SLC18A1_DDC|DRD2	SLC18A1_DDC	DRD2	Non-protein Signaling	Dopamine
SLC18A1_DDC|DRD3	SLC18A1_DDC	DRD3	Non-protein Signaling	Dopamine
SLC18A1_DDC|DRD4	SLC18A1_DDC	DRD4	Non-protein Signaling	Dopamine
SLC18A1_DDC|DRD5	SLC18A1_DDC	DRD5	Non-protein Signaling	Dopamine
SLC18A1_PNMT|ADRA1A	SLC18A1_PNMT	ADRA1A	Non-protein Signaling	Adrenaline
SLC18A1_PNMT|ADRA1B	SLC18A1_PNMT	ADRA1B	Non-protein Signaling	Adrenaline
SLC18A1_PNMT|ADRA1D	SLC18A1_PNMT	ADRA1D	Non-protein Signaling	Adrenaline
SLC18A1_PNMT|ADRA2A	SLC18A1_PNMT	ADRA2A	Non-protein Signaling	Adrenaline
SLC18A1_PNMT|ADRA2B	SLC18A1_PNMT	ADRA2B	Non-protein Signaling	Adrenaline
SLC18A1_PNMT|ADRA2C	SLC18A1_PNMT	ADRA2C	Non-protein Signaling	Adrenaline
SLC18A1_PNMT|ADRB1	SLC18A1_PNMT	ADRB1	Non-protein Signaling	Adrenaline
SLC18A1_PNMT|ADRB2	SLC18A1_PNMT	ADRB2	Non-protein Signaling	Adrenaline
SLC18A1_PNMT|ADRB3	SLC18A1_PNMT	ADRB3	Non-protein Signaling	Adrenaline
SLC18A1_TPH1|HTR1A	SLC18A1_TPH1	HTR1A	Non-protein Signaling	5-HT
SLC18A1_TPH1|HTR1B	SLC18A1_TPH1	HTR1B	Non-protein Signaling	5-HT
SLC18A1_TPH1|HTR1D	SLC18A1_TPH1	HTR1D	Non-protein Signaling	5-HT
SLC18A1_TPH1|HTR1E	SLC18A1_TPH1	HTR1E	Non-protein Signaling	5-HT
SLC18A1_TPH1|HTR1F	SLC18A1_TPH1	HTR1F	Non-protein Signaling	5-HT
SLC18A1_TPH1|HTR2A	SLC18A1_TPH1	HTR2A	Non-protein Signaling	5-HT
SLC18A1_TPH1|HTR2B	SLC18A1_TPH1	HTR2B	Non-protein Signaling	5-HT
SLC18A1_TPH1|HTR2C	SLC18A1_TPH1	HTR2C	Non-protein Signaling	5-HT
SLC18A1_TPH1|HTR3A_HTR3C_HTR3E_HTR3B_HTR3D	SLC18A1_TPH1	HTR3A_HTR3C_HTR3E_HTR3B_HTR3D	Non-protein Signaling	5-HT
SLC18A1_TPH1|HTR4	SLC18A1_TPH1	HTR4	Non-protein Signaling	5-HT
SLC18A1_TPH1|HTR5A	SLC18A1_TPH1	HTR5A	Non-protein Signaling	5-HT
SLC18A1_TPH1|HTR6	SLC18A1_TPH1	HTR6	Non-protein Signaling	5-HT
SLC18A1_TPH1|HTR7	SLC18A1_TPH1	HTR7	Non-protein Signaling	5-HT
SLC18A1_TPH2|HTR1A	SLC18A1_TPH2	HTR1A	Non-protein Signaling	5-HT
SLC18A1_TPH2|HTR1B	SLC18A1_TPH2	HTR1B	Non-protein Signaling	5-HT
SLC18A1_TPH2|HTR1D	SLC18A1_TPH2	HTR1D	Non-protein Signaling	5-HT
SLC18A1_TPH2|HTR1E	SLC18A1_TPH2	HTR1E	Non-protein Signaling	5-HT
SLC18A1_TPH2|HTR1F	SLC18A1_TPH2	HTR1F	Non-protein Signaling	5-HT
SLC18A1_TPH2|HTR2A	SLC18A1_TPH2	HTR2A	Non-protein Signaling	5-HT
SLC18A1_TPH2|HTR2B	SLC18A1_TPH2	HTR2B	Non-protein Signaling	5-HT
SLC18A1_TPH2|HTR2C	SLC18A1_TPH2	HTR2C	Non-protein Signaling	5-HT
SLC18A1_TPH2|HTR3A_HTR3C_HTR3E_HTR3B_HTR3D	SLC18A1_TPH2	HTR3A_HTR3C_HTR3E_HTR3B_HTR3D	Non-protein Signaling	5-HT
SLC18A1_TPH2|HTR4	SLC18A1_TPH2	HTR4	Non-protein Signaling	5-HT
SLC18A1_TPH2|HTR5A	SLC18A1_TPH2	HTR5A	Non-protein Signaling	5-HT
SLC18A1_TPH2|HTR6	SLC18A1_TPH2	HTR6	Non-protein Signaling	5-HT
SLC18A1_TPH2|HTR7	SLC18A1_TPH2	HTR7	Non-protein Signaling	5-HT
SLC18A2_DBH|ADRA1A	SLC18A2_DBH	ADRA1A	Non-protein Signaling	Noradrenaline
SLC18A2_DBH|ADRA1B	SLC18A2_DBH	ADRA1B	Non-protein Signaling	Noradrenaline
SLC18A2_DBH|ADRA1D	SLC18A2_DBH	ADRA1D	Non-protein Signaling	Noradrenaline
SLC18A2_DBH|ADRA2A	SLC18A2_DBH	ADRA2A	Non-protein Signaling	Noradrenaline
SLC18A2_DBH|ADRA2B	SLC18A2_DBH	ADRA2B	Non-protein Signaling	Noradrenaline
SLC18A2_DBH|ADRA2C	SLC18A2_DBH	ADRA2C	Non-protein Signaling	Noradrenaline
SLC18A2_DBH|ADRB1	SLC18A2_DBH	ADRB1	Non-protein Signaling	Noradrenaline
SLC18A2_DBH|ADRB2	SLC18A2_DBH	ADRB2	Non-protein Signaling	Noradrenaline
SLC18A2_DBH|ADRB3	SLC18A2_DBH	ADRB3	Non-protein Signaling	Noradrenaline
SLC18A2_DDC|DRD1	SLC18A2_DDC	DRD1	Non-protein Signaling	Dopamine
SLC18A2_DDC|DRD2	SLC18A2_DDC	DRD2	Non-protein Signaling	Dopamine
SLC18A2_DDC|DRD3	SLC18A2_DDC	DRD3	Non-protein Signaling	Dopamine
SLC18A2_DDC|DRD4	SLC18A2_DDC	DRD4	Non-protein Signaling	Dopamine
SLC18A2_DDC|DRD5	SLC18A2_DDC	DRD5	Non-protein Signaling	Dopamine
SLC18A2_PNMT|ADRA1A	SLC18A2_PNMT	ADRA1A	Non-protein Signaling	Adrenaline
SLC18A2_PNMT|ADRA1B	SLC18A2_PNMT	ADRA1B	Non-protein Signaling	Adrenaline
SLC18A2_PNMT|ADRA1D	SLC18A2_PNMT	ADRA1D	Non-protein Signaling	Adrenaline
SLC18A2_PNMT|ADRA2A	SLC18A2_PNMT	ADRA2A	Non-protein Signaling	Adrenaline
SLC18A2_PNMT|ADRA2B	SLC18A2_PNMT	ADRA2B	Non-protein Signaling	Adrenaline
SLC18A2_PNMT|ADRA2C	SLC18A2_PNMT	ADRA2C	Non-protein Signaling	Adrenaline
SLC18A2_PNMT|ADRB1	SLC18A2_PNMT	ADRB1	Non-protein Signaling	Adrenaline
SLC18A2_PNMT|ADRB2	SLC18A2_PNMT	ADRB2	Non-protein Signaling	Adrenaline
SLC18A2_PNMT|ADRB3	SLC18A2_PNMT	ADRB3	Non-protein Signaling	Adrenaline
SLC18A2_TPH1|HTR1A	SLC18A2_TPH1	HTR1A	Non-protein Signaling	5-HT
SLC18A2_TPH1|HTR1B	SLC18A2_TPH1	HTR1B	Non-protein Signaling	5-HT
SLC18A2_TPH1|HTR1D	SLC18A2_TPH1	HTR1D	Non-protein Signaling	5-HT
SLC18A2_TPH1|HTR1E	SLC18A2_TPH1	HTR1E	Non-protein Signaling	5-HT
SLC18A2_TPH1|HTR1F	SLC18A2_TPH1	HTR1F	Non-protein Signaling	5-HT
SLC18A2_TPH1|HTR2A	SLC18A2_TPH1	HTR2A	Non-protein Signaling	5-HT
SLC18A2_TPH1|HTR2B	SLC18A2_TPH1	HTR2B	Non-protein Signaling	5-HT
SLC18A2_TPH1|HTR2C	SLC18A2_TPH1	HTR2C	Non-protein Signaling	5-HT
SLC18A2_TPH1|HTR3A_HTR3C_HTR3E_HTR3B_HTR3D	SLC18A2_TPH1	HTR3A_HTR3C_HTR3E_HTR3B_HTR3D	Non-protein Signaling	5-HT
SLC18A2_TPH1|HTR4	SLC18A2_TPH1	HTR4	Non-protein Signaling	5-HT
SLC18A2_TPH1|HTR5A	SLC18A2_TPH1	HTR5A	Non-protein Signaling	5-HT
SLC18A2_TPH1|HTR6	SLC18A2_TPH1	HTR6	Non-protein Signaling	5-HT
SLC18A2_TPH1|HTR7	SLC18A2_TPH1	HTR7	Non-protein Signaling	5-HT
SLC18A2_TPH2|HTR1A	SLC18A2_TPH2	HTR1A	Non-protein Signaling	5-HT
SLC18A2_TPH2|HTR1B	SLC18A2_TPH2	HTR1B	Non-protein Signaling	5-HT
SLC18A2_TPH2|HTR1D	SLC18A2_TPH2	HTR1D	Non-protein Signaling	5-HT
SLC18A2_TPH2|HTR1E	SLC18A2_TPH2	HTR1E	Non-protein Signaling	5-HT
SLC18A2_TPH2|HTR1F	SLC18A2_TPH2	HTR1F	Non-protein Signaling	5-HT
SLC18A2_TPH2|HTR2A	SLC18A2_TPH2	HTR2A	Non-protein Signaling	5-HT
SLC18A2_TPH2|HTR2B	SLC18A2_TPH2	HTR2B	Non-protein Signaling	5-HT
SLC18A2_TPH2|HTR2C	SLC18A2_TPH2	HTR2C	Non-protein Signaling	5-HT
SLC18A2_TPH2|HTR3A_HTR3C_HTR3E_HTR3B_HTR3D	SLC18A2_TPH2	HTR3A_HTR3C_HTR3E_HTR3B_HTR3D	Non-protein Signaling	5-HT
SLC18A2_TPH2|HTR4	SLC18A2_TPH2	HTR4	Non-protein Signaling	5-HT
SLC18A2_TPH2|HTR5A	SLC18A2_TPH2	HTR5A	Non-protein Signaling	5-HT
SLC18A2_TPH2|HTR6	SLC18A2_TPH2	HTR6	Non-protein Signaling	5-HT
SLC18A2_TPH2|HTR7	SLC18A2_TPH2	HTR7	Non-protein Signaling	5-HT
SLC18A3_CHAT|CHRM1	SLC18A3_CHAT	CHRM1	Non-protein Signaling	Ach
SLC18A3_CHAT|CHRM2	SLC18A3_CHAT	CHRM2	Non-protein Signaling	Ach
SLC18A3_CHAT|CHRM3	SLC18A3_CHAT	CHRM3	Non-protein Signaling	Ach
SLC18A3_CHAT|CHRM4	SLC18A3_CHAT	CHRM4	Non-protein Signaling	Ach
SLC18A3_CHAT|CHRM5	SLC18A3_CHAT	CHRM5	Non-protein Signaling	Ach
SLC18A3_CHAT|CHRNA1_CHRNB1_CHRND_CHRNE	SLC18A3_CHAT	CHRNA1_CHRNB1_CHRND_CHRNE	Non-protein Signaling	Ach
SLC18A3_CHAT|CHRNA1_CHRNB1_CHRND_CHRNG	SLC18A3_CHAT	CHRNA1_CHRNB1_CHRND_CHRNG	Non-protein Signaling	Ach
SLC18A3_CHAT|CHRNA3_CHRNB4	SLC18A3_CHAT	CHRNA3_CHRNB4	Non-protein Signaling	Ach
SLC18A3_CHAT|CHRNA4_CHRNB2	SLC18A3_CHAT	CHRNA4_CHRNB2	Non-protein Signaling	Ach
SLC18A3_CHAT|CHRNA7	SLC18A3_CHAT	CHRNA7	Non-protein Signaling	Ach
SLC1A6_GLS|GRIA1	SLC1A6_GLS	GRIA1	Non-protein Signaling	Glutamate
SLC1A6_GLS|GRIA2	SLC1A6_GLS	GRIA2	Non-protein Signaling	Glutamate
SLC1A6_GLS|GRIA3	SLC1A6_GLS	GRIA3	Non-protein Signaling	Glutamate
SLC1A6_GLS|GRIA4	SLC1A6_GLS	GRIA4	Non-protein Signaling	Glutamate
SLC1A6_GLS|GRIK1	SLC1A6_GLS	GRIK1	Non-protein Signaling	Glutamate
SLC1A6_GLS|GRIK1_GRIK4	SLC1A6_GLS	GRIK1_GRIK4	Non-protein Signaling	Glutamate
SLC1A6_GLS|GRIK2	SLC1A6_GLS	GRIK2	Non-protein Signaling	Glutamate
SLC1A6_GLS|GRIK2_GRIK4	SLC1A6_GLS	GRIK2_GRIK4	Non-protein Signaling	Glutamate
SLC1A6_GLS|GRIK3	SLC1A6_GLS	GRIK3	Non-protein Signaling	Glutamate
SLC1A6_GLS|GRIK3_GRIK4	SLC1A6_GLS	GRIK3_GRIK4	Non-protein Signaling	Glutamate
SLC1A6_GLS|GRIK3_GRIK5	SLC1A6_GLS	GRIK3_GRIK5	Non-protein Signaling	Glutamate
SLC1A6_GLS|GRIK5_GRIK1	SLC1A6_GLS	GRIK5_GRIK1	Non-protein Signaling	Glutamate
SLC1A6_GLS|GRIK5_GRIK2	SLC1A6_GLS	GRIK5_GRIK2	Non-protein Signaling	Glutamate
SLC1A6_GLS|GRIN1_GRIN2A	SLC1A6_GLS	GRIN1_GRIN2A	Non-protein Signaling	Glutamate
SLC1A6_GLS|GRIN1_GRIN2B	SLC1A6_GLS	GRIN1_GRIN2B	Non-protein Signaling	Glutamate
SLC1A6_GLS|GRIN1_GRIN2D	SLC1A6_GLS	GRIN1_GRIN2D	Non-protein Signaling	Glutamate
SLC1A6_GLS|GRIN2C_GRIN1	SLC1A6_GLS	GRIN2C_GRIN1	Non-protein Signaling	Glutamate
SLC1A6_GLS|GRM1	SLC1A6_GLS	GRM1	Non-protein Signaling	Glutamate
SLC1A6_GLS|GRM2	SLC1A6_GLS	GRM2	Non-protein Signaling	Glutamate
SLC1A6_GLS|GRM3	SLC1A6_GLS	GRM3	Non-protein Signaling	Glutamate
SLC1A6_GLS|GRM4	SLC1A6_GLS	GRM4	Non-protein Signaling	Glutamate
SLC1A6_GLS|GRM5	SLC1A6_GLS	GRM5	Non-protein Signaling	Glutamate
SLC1A6_GLS|GRM6	SLC1A6_GLS	GRM6	Non-protein Signaling	Glutamate
SLC1A6_GLS|GRM7	SLC1A6_GLS	GRM7	Non-protein Signaling	Glutamate
SLC1A6_GLS|GRM8	SLC1A6_GLS	GRM8	Non-protein Signaling	Glutamate
SLC1A6_GLS2|GRIA1	SLC1A6_GLS2	GRIA1	Non-protein Signaling	Glutamate
SLC1A6_GLS2|GRIA2	SLC1A6_GLS2	GRIA2	Non-protein Signaling	Glutamate
SLC1A6_GLS2|GRIA3	SLC1A6_GLS2	GRIA3	Non-protein Signaling	Glutamate
SLC1A6_GLS2|GRIA4	SLC1A6_GLS2	GRIA4	Non-protein Signaling	Glutamate
SLC1A6_GLS2|GRIK1	SLC1A6_GLS2	GRIK1	Non-protein Signaling	Glutamate
SLC1A6_GLS2|GRIK1_GRIK4	SLC1A6_GLS2	GRIK1_GRIK4	Non-protein Signaling	Glutamate
SLC1A6_GLS2|GRIK2	SLC1A6_GLS2	GRIK2	Non-protein Signaling	Glutamate
SLC1A6_GLS2|GRIK2_GRIK4	SLC1A6_GLS2	GRIK2_GRIK4	Non-protein Signaling	Glutamate
SLC1A6_GLS2|GRIK3	SLC1A6_GLS2	GRIK3	Non-protein Signaling	Glutamate
SLC1A6_GLS2|GRIK3_GRIK4	SLC1A6_GLS2	GRIK3_GRIK4	Non-protein Signaling	Glutamate
SLC1A6_GLS2|GRIK3_GRIK5	SLC1A6_GLS2	GRIK3_GRIK5	Non-protein Signaling	Glutamate
SLC1A6_GLS2|GRIK5_GRIK1	SLC1A6_GLS2	GRIK5_GRIK1	Non-protein Signaling	Glutamate
SLC1A6_GLS2|GRIK5_GRIK2	SLC1A6_GLS2	GRIK5_GRIK2	Non-protein Signaling	Glutamate
SLC1A6_GLS2|GRIN1_GRIN2A	SLC1A6_GLS2	GRIN1_GRIN2A	Non-protein Signaling	Glutamate
SLC1A6_GLS2|GRIN1_GRIN2B	SLC1A6_GLS2	GRIN1_GRIN2B	Non-protein Signaling	Glutamate
SLC1A6_GLS2|GRIN1_GRIN2D	SLC1A6_GLS2	GRIN1_GRIN2D	Non-protein Signaling	Glutamate
SLC1A6_GLS2|GRIN2C_GRIN1	SLC1A6_GLS2	GRIN2C_GRIN1	Non-protein Signaling	Glutamate
SLC1A6_GLS2|GRM1	SLC1A6_GLS2	GRM1	Non-protein Signaling	Glutamate
SLC1A6_GLS2|GRM2	SLC1A6_GLS2	GRM2	Non-protein Signaling	Glutamate
SLC1A6_GLS2|GRM3	SLC1A6_GLS2	GRM3	Non-protein Signaling	Glutamate
SLC1A6_GLS2|GRM4	SLC1A6_GLS2	GRM4	Non-protein Signaling	Glutamate
SLC1A6_GLS2|GRM5	SLC1A6_GLS2	GRM5	Non-protein Signaling	Glutamate
SLC1A6_GLS2|GRM6	SLC1A6_GLS2	GRM6	Non-protein Signaling	Glutamate
SLC1A6_GLS2|GRM7	SLC1A6_GLS2	GRM7	Non-protein Signaling	Glutamate
SLC1A6_GLS2|GRM8	SLC1A6_GLS2	GRM8	Non-protein Signaling	Glutamate
SLC29A4_NT5E|ADORA1	SLC29A4_NT5E	ADORA1	Non-protein Signaling	Adenosine
SLC29A4_NT5E|ADORA2A	SLC29A4_NT5E	ADORA2A	Non-protein Signaling	Adenosine
SLC29A4_NT5E|ADORA2B	SLC29A4_NT5E	ADORA2B	Non-protein Signaling	Adenosine
SLC29A4_NT5E|ADORA3	SLC29A4_NT5E	ADORA3	Non-protein Signaling	Adenosine
SLC32A1_GAD1|GABBR1	SLC32A1_GAD1	GABBR1	Non-protein Signaling	GABA-B
SLC32A1_GAD1|GABBR2	SLC32A1_GAD1	GABBR2	Non-protein Signaling	GABA-B
SLC32A1_GAD1|GABRA1_GABRB2	SLC32A1_GAD1	GABRA1_GABRB2	Non-protein Signaling	GABA-A
SLC32A1_GAD1|GABRA1_GABRB3	SLC32A1_GAD1	GABRA1_GABRB3	Non-protein Signaling	GABA-A
SLC32A1_GAD1|GABRA1_GABRD_GABRB2	SLC32A1_GAD1	GABRA1_GABRD_GABRB2	Non-protein Signaling	GABA-A
SLC32A1_GAD1|GABRA1_GABRG2_GABRB2	SLC32A1_GAD1	GABRA1_GABRG2_GABRB2	Non-protein Signaling	GABA-A
SLC32A1_GAD1|GABRA1_GABRG2_GABRB3	SLC32A1_GAD1	GABRA1_GABRG2_GABRB3	Non-protein Signaling	GABA-A
SLC32A1_GAD1|GABRA2_GABRG2_GABRB3	SLC32A1_GAD1	GABRA2_GABRG2_GABRB3	Non-protein Signaling	GABA-A
SLC32A1_GAD1|GABRA3_GABRE_GABRB3	SLC32A1_GAD1	GABRA3_GABRE_GABRB3	Non-protein Signaling	GABA-A
SLC32A1_GAD1|GABRA3_GABRG2_GABRB3	SLC32A1_GAD1	GABRA3_GABRG2_GABRB3	Non-protein Signaling	GABA-A
SLC32A1_GAD1|GABRA4_GABRD_GABRB2	SLC32A1_GAD1	GABRA4_GABRD_GABRB2	Non-protein Signaling	GABA-A
SLC32A1_GAD1|GABRA4_GABRD_GABRB3	SLC32A1_GAD1	GABRA4_GABRD_GABRB3	Non-protein Signaling	GABA-A
SLC32A1_GAD1|GABRA4_GABRG2_GABRB3	SLC32A1_GAD1	GABRA4_GABRG2_GABRB3	Non-protein Signaling	GABA-A
SLC32A1_GAD1|GABRA5_GABRG2_GABRB3	SLC32A1_GAD1	GABRA5_GABRG2_GABRB3	Non-protein Signaling	GABA-A
SLC32A1_GAD1|GABRA6_GABRD_GABRB3	SLC32A1_GAD1	GABRA6_GABRD_GABRB3	Non-protein Signaling	GABA-A
SLC32A1_GAD1|GABRA6_GABRG2_GABRB3	SLC32A1_GAD1	GABRA6_GABRG2_GABRB3	Non-protein Signaling	GABA-A
SLC32A1_GAD1|GABRQ_GABRA3_GABRB3	SLC32A1_GAD1	GABRQ_GABRA3_GABRB3	Non-protein Signaling	GABA-A
SLC32A1_GAD2|GABBR1	SLC32A1_GAD2	GABBR1	Non-protein Signaling	GABA-B
SLC32A1_GAD2|GABBR2	SLC32A1_GAD2	GABBR2	Non-protein Signaling	GABA-B
SLC32A1_GAD2|GABRA1_GABRB2	SLC32A1_GAD2	GABRA1_GABRB2	Non-protein Signaling	GABA-A
SLC32A1_GAD2|GABRA1_GABRB3	SLC32A1_GAD2	GABRA1_GABRB3	Non-protein Signaling	GABA-A
SLC32A1_GAD2|GABRA1_GABRD_GABRB2	SLC32A1_GAD2	GABRA1_GABRD_GABRB2	Non-protein Signaling	GABA-A
SLC32A1_GAD2|GABRA1_GABRG2_GABRB2	SLC32A1_GAD2	GABRA1_GABRG2_GABRB2	Non-protein Signaling	GABA-A
SLC32A1_GAD2|GABRA1_GABRG2_GABRB3	SLC32A1_GAD2	GABRA1_GABRG2_GABRB3	Non-protein Signaling	GABA-A
SLC32A1_GAD2|GABRA2_GABRG2_GABRB3	SLC32A1_GAD2	GABRA2_GABRG2_GABRB3	Non-protein Signaling	GABA-A
SLC32A1_GAD2|GABRA3_GABRE_GABRB3	SLC32A1_GAD2	GABRA3_GABRE_GABRB3	Non-protein Signaling	GABA-A
SLC32A1_GAD2|GABRA3_GABRG2_GABRB3	SLC32A1_GAD2	GABRA3_GABRG2_GABRB3	Non-protein Signaling	GABA-A
SLC32A1_GAD2|GABRA4_GABRD_GABRB2	SLC32A1_GAD2	GABRA4_GABRD_GABRB2	Non-protein Signaling	GABA-A
SLC32A1_GAD2|GABRA4_GABRD_GABRB3	SLC32A1_GAD2	GABRA4_GABRD_GABRB3	Non-protein Signaling	GABA-A
SLC32A1_GAD2|GABRA4_GABRG2_GABRB3	SLC32A1_GAD2	GABRA4_GABRG2_GABRB3	Non-protein Signaling	GABA-A
SLC32A1_GAD2|GABRA5_GABRG2_GABRB3	SLC32A1_GAD2	GABRA5_GABRG2_GABRB3	Non-protein Signaling	GABA-A
SLC32A1_GAD2|GABRA6_GABRD_GABRB3	SLC32A1_GAD2	GABRA6_GABRD_GABRB3	Non-protein Signaling	GABA-A
SLC32A1_GAD2|GABRA6_GABRG2_GABRB3	SLC32A1_GAD2	GABRA6_GABRG2_GABRB3	Non-protein Signaling	GABA-A
SLC32A1_GAD2|GABRQ_GABRA3_GABRB3	SLC32A1_GAD2	GABRQ_GABRA3_GABRB3	Non-protein Signaling	GABA-A
SLC5A7_CHAT|CHRM1	SLC5A7_CHAT	CHRM1	Non-protein Signaling	Ach
SLC5A7_CHAT|CHRM2	SLC5A7_CHAT	CHRM2	Non-protein Signaling	Ach
SLC5A7_CHAT|CHRM3	SLC5A7_CHAT	CHRM3	Non-protein Signaling	Ach
SLC5A7_CHAT|CHRM4	SLC5A7_CHAT	CHRM4	Non-protein Signaling	Ach
SLC5A7_CHAT|CHRM5	SLC5A7_CHAT	CHRM5	Non-protein Signaling	Ach
SLC5A7_CHAT|CHRNA1_CHRNB1_CHRND_CHRNE	SLC5A7_CHAT	CHRNA1_CHRNB1_CHRND_CHRNE	Non-protein Signaling	Ach
SLC5A7_CHAT|CHRNA1_CHRNB1_CHRND_CHRNG	SLC5A7_CHAT	CHRNA1_CHRNB1_CHRND_CHRNG	Non-protein Signaling	Ach
SLC5A7_CHAT|CHRNA4_CHRNB2	SLC5A7_CHAT	CHRNA4_CHRNB2	Non-protein Signaling	Ach
SLC5A7_CHAT|CHRNA7	SLC5A7_CHAT	CHRNA7	Non-protein Signaling	Ach
SLC6A12_GAD1|GABBR1	SLC6A12_GAD1	GABBR1	Non-protein Signaling	GABA-B
SLC6A12_GAD1|GABBR2	SLC6A12_GAD1	GABBR2	Non-protein Signaling	GABA-B
SLC6A12_GAD1|GABRA1_GABRB2	SLC6A12_GAD1	GABRA1_GABRB2	Non-protein Signaling	GABA-A
SLC6A12_GAD1|GABRA1_GABRB3	SLC6A12_GAD1	GABRA1_GABRB3	Non-protein Signaling	GABA-A
SLC6A12_GAD1|GABRA1_GABRD_GABRB2	SLC6A12_GAD1	GABRA1_GABRD_GABRB2	Non-protein Signaling	GABA-A
SLC6A12_GAD1|GABRA1_GABRG2_GABRB2	SLC6A12_GAD1	GABRA1_GABRG2_GABRB2	Non-protein Signaling	GABA-A
SLC6A12_GAD1|GABRA1_GABRG2_GABRB3	SLC6A12_GAD1	GABRA1_GABRG2_GABRB3	Non-protein Signaling	GABA-A
SLC6A12_GAD1|GABRA2_GABRG2_GABRB3	SLC6A12_GAD1	GABRA2_GABRG2_GABRB3	Non-protein Signaling	GABA-A
SLC6A12_GAD1|GABRA3_GABRE_GABRB3	SLC6A12_GAD1	GABRA3_GABRE_GABRB3	Non-protein Signaling	GABA-A
SLC6A12_GAD1|GABRA3_GABRG2_GABRB3	SLC6A12_GAD1	GABRA3_GABRG2_GABRB3	Non-protein Signaling	GABA-A
SLC6A12_GAD1|GABRA4_GABRD_GABRB2	SLC6A12_GAD1	GABRA4_GABRD_GABRB2	Non-protein Signaling	GABA-A
SLC6A12_GAD1|GABRA4_GABRD_GABRB3	SLC6A12_GAD1	GABRA4_GABRD_GABRB3	Non-protein Signaling	GABA-A
SLC6A12_GAD1|GABRA4_GABRG2_GABRB3	SLC6A12_GAD1	GABRA4_GABRG2_GABRB3	Non-protein Signaling	GABA-A
SLC6A12_GAD1|GABRA5_GABRG2_GABRB3	SLC6A12_GAD1	GABRA5_GABRG2_GABRB3	Non-protein Signaling	GABA-A
SLC6A12_GAD1|GABRA6_GABRD_GABRB3	SLC6A12_GAD1	GABRA6_GABRD_GABRB3	Non-protein Signaling	GABA-A
SLC6A12_GAD1|GABRA6_GABRG2_GABRB3	SLC6A12_GAD1	GABRA6_GABRG2_GABRB3	Non-protein Signaling	GABA-A
SLC6A12_GAD1|GABRQ_GABRA3_GABRB3	SLC6A12_GAD1	GABRQ_GABRA3_GABRB3	Non-protein Signaling	GABA-A
SLC6A12_GAD2|GABBR1	SLC6A12_GAD2	GABBR1	Non-protein Signaling	GABA-B
SLC6A12_GAD2|GABBR2	SLC6A12_GAD2	GABBR2	Non-protein Signaling	GABA-B
SLC6A12_GAD2|GABRA1_GABRB2	SLC6A12_GAD2	GABRA1_GABRB2	Non-protein Signaling	GABA-A
SLC6A12_GAD2|GABRA1_GABRB3	SLC6A12_GAD2	GABRA1_GABRB3	Non-protein Signaling	GABA-A
SLC6A12_GAD2|GABRA1_GABRD_GABRB2	SLC6A12_GAD2	GABRA1_GABRD_GABRB2	Non-protein Signaling	GABA-A
SLC6A12_GAD2|GABRA1_GABRG2_GABRB2	SLC6A12_GAD2	GABRA1_GABRG2_GABRB2	Non-protein Signaling	GABA-A
SLC6A12_GAD2|GABRA1_GABRG2_GABRB3	SLC6A12_GAD2	GABRA1_GABRG2_GABRB3	Non-protein Signaling	GABA-A
SLC6A12_GAD2|GABRA2_GABRG2_GABRB3	SLC6A12_GAD2	GABRA2_GABRG2_GABRB3	Non-protein Signaling	GABA-A
SLC6A12_GAD2|GABRA3_GABRE_GABRB3	SLC6A12_GAD2	GABRA3_GABRE_GABRB3	Non-protein Signaling	GABA-A
SLC6A12_GAD2|GABRA3_GABRG2_GABRB3	SLC6A12_GAD2	GABRA3_GABRG2_GABRB3	Non-protein Signaling	GABA-A
SLC6A12_GAD2|GABRA4_GABRD_GABRB2	SLC6A12_GAD2	GABRA4_GABRD_GABRB2	Non-protein Signaling	GABA-A
SLC6A12_GAD2|GABRA4_GABRD_GABRB3	SLC6A12_GAD2	GABRA4_GABRD_GABRB3	Non-protein Signaling	GABA-A
SLC6A12_GAD2|GABRA4_GABRG2_GABRB3	SLC6A12_GAD2	GABRA4_GABRG2_GABRB3	Non-protein Signaling	GABA-A
SLC6A12_GAD2|GABRA5_GABRG2_GABRB3	SLC6A12_GAD2	GABRA5_GABRG2_GABRB3	Non-protein Signaling	GABA-A
SLC6A12_GAD2|GABRA6_GABRD_GABRB3	SLC6A12_GAD2	GABRA6_GABRD_GABRB3	Non-protein Signaling	GABA-A
SLC6A12_GAD2|GABRA6_GABRG2_GABRB3	SLC6A12_GAD2	GABRA6_GABRG2_GABRB3	Non-protein Signaling	GABA-A
SLC6A12_GAD2|GABRQ_GABRA3_GABRB3	SLC6A12_GAD2	GABRQ_GABRA3_GABRB3	Non-protein Signaling	GABA-A
SLC6A3_DDC|DRD1	SLC6A3_DDC	DRD1	Non-protein Signaling	Dopamine
SLC6A3_DDC|DRD2	SLC6A3_DDC	DRD2	Non-protein Signaling	Dopamine
SLC6A3_DDC|DRD3	SLC6A3_DDC	DRD3	Non-protein Signaling	Dopamine
SLC6A3_DDC|DRD4	SLC6A3_DDC	DRD4	Non-protein Signaling	Dopamine
SLC6A3_DDC|DRD5	SLC6A3_DDC	DRD5	Non-protein Signaling	Dopamine
SLC6A4_TPH1|HTR1A	SLC6A4_TPH1	HTR1A	Non-protein Signaling	5-HT
SLC6A4_TPH1|HTR1B	SLC6A4_TPH1	HTR1B	Non-protein Signaling	5-HT
SLC6A4_TPH1|HTR1D	SLC6A4_TPH1	HTR1D	Non-protein Signaling	5-HT
SLC6A4_TPH1|HTR1E	SLC6A4_TPH1	HTR1E	Non-protein Signaling	5-HT
SLC6A4_TPH1|HTR1F	SLC6A4_TPH1	HTR1F	Non-protein Signaling	5-HT
SLC6A4_TPH1|HTR2A	SLC6A4_TPH1	HTR2A	Non-protein Signaling	5-HT
SLC6A4_TPH1|HTR2B	SLC6A4_TPH1	HTR2B	Non-protein Signaling	5-HT
SLC6A4_TPH1|HTR2C	SLC6A4_TPH1	HTR2C	Non-protein Signaling	5-HT
SLC6A4_TPH1|HTR3A_HTR3C_HTR3E_HTR3B_HTR3D	SLC6A4_TPH1	HTR3A_HTR3C_HTR3E_HTR3B_HTR3D	Non-protein Signaling	5-HT
SLC6A4_TPH1|HTR4	SLC6A4_TPH1	HTR4	Non-protein Signaling	5-HT
SLC6A4_TPH1|HTR5A	SLC6A4_TPH1	HTR5A	Non-protein Signaling	5-HT
SLC6A4_TPH1|HTR6	SLC6A4_TPH1	HTR6	Non-protein Signaling	5-HT
SLC6A4_TPH1|HTR7	SLC6A4_TPH1	HTR7	Non-protein Signaling	5-HT
SLC6A4_TPH2|HTR1A	SLC6A4_TPH2	HTR1A	Non-protein Signaling	5-HT
SLC6A4_TPH2|HTR1B	SLC6A4_TPH2	HTR1B	Non-protein Signaling	5-HT
SLC6A4_TPH2|HTR1D	SLC6A4_TPH2	HTR1D	Non-protein Signaling	5-HT
SLC6A4_TPH2|HTR1E	SLC6A4_TPH2	HTR1E	Non-protein Signaling	5-HT
SLC6A4_TPH2|HTR1F	SLC6A4_TPH2	HTR1F	Non-protein Signaling	5-HT
SLC6A4_TPH2|HTR2A	SLC6A4_TPH2	HTR2A	Non-protein Signaling	5-HT
SLC6A4_TPH2|HTR2B	SLC6A4_TPH2	HTR2B	Non-protein Signaling	5-HT
SLC6A4_TPH2|HTR2C	SLC6A4_TPH2	HTR2C	Non-protein Signaling	5-HT
SLC6A4_TPH2|HTR3A_HTR3C_HTR3E_HTR3B_HTR3D	SLC6A4_TPH2	HTR3A_HTR3C_HTR3E_HTR3B_HTR3D	Non-protein Signaling	5-HT
SLC6A4_TPH2|HTR4	SLC6A4_TPH2	HTR4	Non-protein Signaling	5-HT
SLC6A4_TPH2|HTR5A	SLC6A4_TPH2	HTR5A	Non-protein Signaling	5-HT
SLC6A4_TPH2|HTR6	SLC6A4_TPH2	HTR6	Non-protein Signaling	5-HT
SLC6A4_TPH2|HTR7	SLC6A4_TPH2	HTR7	Non-protein Signaling	5-HT
SLC6A5_SHMT1|GLRA1_GLRB	SLC6A5_SHMT1	GLRA1_GLRB	Non-protein Signaling	Glycine
SLC6A5_SHMT1|GLRA2	SLC6A5_SHMT1	GLRA2	Non-protein Signaling	Glycine
SLC6A5_SHMT2|GLRA1_GLRB	SLC6A5_SHMT2	GLRA1_GLRB	Non-protein Signaling	Glycine
SLC6A5_SHMT2|GLRA2	SLC6A5_SHMT2	GLRA2	Non-protein Signaling	Glycine
SLITRK3|PTPRD	SLITRK3	PTPRD	Secreted	SLITRK
SLURP1|CHRNA1	SLURP1	CHRNA1	Secreted	SLURP
SLURP1|CHRNA10	SLURP1	CHRNA10	Secreted	SLURP
SLURP1|CHRNA2	SLURP1	CHRNA2	Secreted	SLURP
SLURP1|CHRNA3	SLURP1	CHRNA3	Secreted	SLURP
SLURP1|CHRNA4	SLURP1	CHRNA4	Secreted	SLURP
SLURP1|CHRNA5	SLURP1	CHRNA5	Secreted	SLURP
SLURP1|CHRNA6	SLURP1	CHRNA6	Secreted	SLURP
SLURP1|CHRNA7	SLURP1	CHRNA7	Secreted	SLURP
SLURP1|CHRNA9	SLURP1	CHRNA9	Secreted	SLURP
SLURP1|CHRNB1	SLURP1	CHRNB1	Secreted	SLURP
SLURP1|CHRNB2	SLURP1	CHRNB2	Secreted	SLURP
SLURP1|CHRNB3	SLURP1	CHRNB3	Secreted	SLURP
SLURP1|CHRNB4	SLURP1	CHRNB4	Secreted	SLURP
SLURP1|CHRND	SLURP1	CHRND	Secreted	SLURP
SLURP1|CHRNE	SLURP1	CHRNE	Secreted	SLURP
SLURP1|CHRNG	SLURP1	CHRNG	Secreted	SLURP
SLURP2|CHRNA1	SLURP2	CHRNA1	Secreted	SLURP
SLURP2|CHRNA10	SLURP2	CHRNA10	Secreted	SLURP
SLURP2|CHRNA2	SLURP2	CHRNA2	Secreted	SLURP
SLURP2|CHRNA3	SLURP2	CHRNA3	Secreted	SLURP
SLURP2|CHRNA4	SLURP2	CHRNA4	Secreted	SLURP
SLURP2|CHRNA5	SLURP2	CHRNA5	Secreted	SLURP
SLURP2|CHRNA6	SLURP2	CHRNA6	Secreted	SLURP
SLURP2|CHRNA7	SLURP2	CHRNA7	Secreted	SLURP
SLURP2|CHRNA9	SLURP2	CHRNA9	Secreted	SLURP
SLURP2|CHRNB1	SLURP2	CHRNB1	Secreted	SLURP
SLURP2|CHRNB2	SLURP2	CHRNB2	Secreted	SLURP
SLURP2|CHRNB3	SLURP2	CHRNB3	Secreted	SLURP
SLURP2|CHRNB4	SLURP2	CHRNB4	Secreted	SLURP
SLURP2|CHRND	SLURP2	CHRND	Secreted	SLURP
SLURP2|CHRNE	SLURP2	CHRNE	Secreted	SLURP
SLURP2|CHRNG	SLURP2	CHRNG	Secreted	SLURP
SPP1|ITGAV_ITGB3	SPP1	ITGAV_ITGB3	Secreted	SPP1
SST|SSTR1	SST	SSTR1	Secreted	SOMATOSTATIN
SST|SSTR2	SST	SSTR2	Secreted	SOMATOSTATIN
SST|SSTR3	SST	SSTR3	Secreted	SOMATOSTATIN
SST|SSTR4	SST	SSTR4	Secreted	SOMATOSTATIN
SST|SSTR5	SST	SSTR5	Secreted	SOMATOSTATIN
TAC1|TACR1	TAC1	TACR1	Secreted	TAC
TAC1|TACR2	TAC1	TACR2	Secreted	TAC
TGFA|ERBB2_EGFR	TGFA	ERBB2_EGFR	Secreted	EGF
THBS1|ITGAV_ITGB3	THBS1	ITGAV_ITGB3	ECM-Receptor	THBS
THBS2|ITGAV_ITGB3	THBS2	ITGAV_ITGB3	ECM-Receptor	THBS
THBS3|ITGAV_ITGB3	THBS3	ITGAV_ITGB3	ECM-Receptor	THBS
THBS4|ITGAV_ITGB3	THBS4	ITGAV_ITGB3	ECM-Receptor	THBS
THY1|ITGAV_ITGB3	THY1	ITGAV_ITGB3	Cell-Cell Contact	THY1
TNC|ITGA2B_ITGB3	TNC	ITGA2B_ITGB3	ECM-Receptor	TENASCIN
TNC|ITGAV_ITGB3	TNC	ITGAV_ITGB3	ECM-Receptor	TENASCIN
TNN|ITGA2B_ITGB3	TNN	ITGA2B_ITGB3	ECM-Receptor	TENASCIN
TNN|ITGAV_ITGB3	TNN	ITGAV_ITGB3	ECM-Receptor	TENASCIN
TNR|ITGA2B_ITGB3	TNR	ITGA2B_ITGB3	ECM-Receptor	TENASCIN
TNR|ITGAV_ITGB3	TNR	ITGAV_ITGB3	ECM-Receptor	TENASCIN
TNXB|ITGA2B_ITGB3	TNXB	ITGA2B_ITGB3	ECM-Receptor	TENASCIN
TNXB|ITGAV_ITGB3	TNXB	ITGAV_ITGB3	ECM-Receptor	TENASCIN
TRH|TRHR	TRH	TRHR	Secreted	TRH
VTN|ITGA2B_ITGB3	VTN	ITGA2B_ITGB3	ECM-Receptor	VTN
VTN|ITGAV_ITGB3	VTN	ITGAV_ITGB3	ECM-Receptor	VTN
VWF|ITGA2B_ITGB3	VWF	ITGA2B_ITGB3	ECM-Receptor	VWF
VWF|ITGAV_ITGB3	VWF	ITGAV_ITGB3	ECM-Receptor	VWF
WNT7A|FZD10_LRP5	WNT7A	FZD10_LRP5	Secreted	WNT
WNT7A|FZD10_LRP6	WNT7A	FZD10_LRP6	Secreted	WNT
WNT7A|FZD1_LRP5	WNT7A	FZD1_LRP5	Secreted	WNT
WNT7A|FZD1_LRP6	WNT7A	FZD1_LRP6	Secreted	WNT
WNT7A|FZD2_LRP5	WNT7A	FZD2_LRP5	Secreted	WNT
WNT7A|FZD2_LRP6	WNT7A	FZD2_LRP6	Secreted	WNT
WNT7A|FZD3_LRP6	WNT7A	FZD3_LRP6	Secreted	WNT
WNT7A|FZD4_LRP5	WNT7A	FZD4_LRP5	Secreted	WNT
WNT7A|FZD4_LRP6	WNT7A	FZD4_LRP6	Secreted	WNT
WNT7A|FZD5_LRP5	WNT7A	FZD5_LRP5	Secreted	WNT
WNT7A|FZD5_LRP6	WNT7A	FZD5_LRP6	Secreted	WNT
WNT7A|FZD6_LRP5	WNT7A	FZD6_LRP5	Secreted	WNT
WNT7A|FZD6_LRP6	WNT7A	FZD6_LRP6	Secreted	WNT
WNT7A|FZD7_LRP6	WNT7A	FZD7_LRP6	Secreted	WNT
WNT7A|FZD8_LRP5	WNT7A	FZD8_LRP5	Secreted	WNT
WNT7A|FZD8_LRP6	WNT7A	FZD8_LRP6	Secreted	WNT
WNT7A|FZD9_LRP5	WNT7A	FZD9_LRP5	Secreted	WNT
WNT7A|FZD9_LRP6	WNT7A	FZD9_LRP6	Secreted	WNT
WNT7A|LRP5_FZD3	WNT7A	LRP5_FZD3	Secreted	WNT
WNT7A|LRP5_FZD7	WNT7A	LRP5_FZD7	Secreted	WNT
